country,year,rateEmployment15andOlder
Afghanistan,1991,45.3
Albania,1991,50.8
Algeria,1991,35.3
Angola,1991,59.8
Argentina,1991,56.4
Armenia,1991,58.0
Australia,1991,57.2
Austria,1991,54.3
Azerbaijan,1991,55.4
Bahamas,1991,64.0
Bahrain,1991,60.4
Bangladesh,1991,55.2
Barbados,1991,52.1
Belarus,1991,59.0
Belgium,1991,45.7
Belize,1991,56.3
Benin,1991,71.4
Bhutan,1991,63.2
Bolivia (Plurinational State of),1991,64.6
Bosnia and Herzegovina,1991,42.7
Botswana,1991,53.7
Brazil,1991,56.2
Brunei Darussalam,1991,62.1
Bulgaria,1991,45.6
Burkina Faso,1991,81.0
Burundi,1991,88.7
Cabo Verde,1991,54.5
Cambodia,1991,79.5
Cameroon,1991,71.5
Canada,1991,59.4
Central African Republic,1991,67.8
Chad,1991,68.3
Chile,1991,51.0
China,1991,75.2
Colombia,1991,48.4
Comoros,1991,40.8
Congo,1991,54.3
Congo (Democratic Republic of the),1991,69.3
Costa Rica,1991,55.1
Croatia,1991,51.2
Cuba,1991,45.4
Cyprus,1991,58.6
Czechia,1991,59.9
Côte d'Ivoire,1991,63.1
Denmark,1991,61.1
Djibouti,1991,59.0
Dominican Republic,1991,59.0
Ecuador,1991,60.2
Egypt,1991,42.2
El Salvador,1991,56.3
Equatorial Guinea,1991,57.9
Eritrea,1991,77.2
Estonia,1991,62.1
Eswatini (Kingdom of),1991,42.1
Ethiopia,1991,75.6
Fiji,1991,56.7
Finland,1991,59.6
France,1991,50.2
Gabon,1991,38.8
Gambia,1991,52.3
Georgia,1991,60.1
Germany,1991,56.5
Ghana,1991,71.9
Greece,1991,46.1
Guatemala,1991,60.2
Guinea,1991,62.7
Guinea-Bissau,1991,68.7
Guyana,1991,52.2
Haiti,1991,62.0
Honduras,1991,62.7
" Hong Kong, China (SAR)",1991,62.6
Hungary,1991,49.2
Iceland,1991,72.4
India,1991,58.3
Indonesia,1991,62.5
Iran (Islamic Republic of),1991,40.5
Iraq,1991,34.9
Ireland,1991,44.9
Israel,1991,51.2
Italy,1991,45.5
Jamaica,1991,58.1
Japan,1991,62.6
Jordan,1991,33.0
Kazakhstan,1991,70.4
Kenya,1991,66.1
Korea (Democratic People's Rep. of),1991,75.9
Korea (Republic of),1991,58.9
Kuwait,1991,64.2
Kyrgyzstan,1991,59.2
Lao People's Democratic Republic,1991,79.1
Latvia,1991,49.0
Lebanon,1991,39.9
Lesotho,1991,48.0
Liberia,1991,53.3
Libya,1991,39.0
Lithuania,1991,51.4
Luxembourg,1991,51.1
Madagascar,1991,81.6
Malawi,1991,71.3
Malaysia,1991,60.0
Maldives,1991,49.3
Mali,1991,49.0
Malta,1991,47.1
Mauritania,1991,47.0
Mauritius,1991,53.9
Mexico,1991,56.9
Moldova (Republic of),1991,45.8
Mongolia,1991,52.2
Montenegro,1991,37.4
Morocco,1991,42.1
Mozambique,1991,63.4
Myanmar,1991,72.7
Namibia,1991,45.7
Nepal,1991,81.7
Netherlands,1991,52.8
New Zealand,1991,56.7
Nicaragua,1991,51.5
Niger,1991,74.7
Nigeria,1991,53.4
Norway,1991,58.6
Oman,1991,46.7
Pakistan,1991,47.6
" Palestine, State of",1991,29.8
Panama,1991,49.4
Papua New Guinea,1991,70.0
Paraguay,1991,65.4
Peru,1991,55.1
Philippines,1991,60.0
Poland,1991,53.7
Portugal,1991,58.9
Qatar,1991,76.6
Romania,1991,63.2
Russian Federation,1991,62.8
Rwanda,1991,89.2
Saint Lucia,1991,51.5
Saint Vincent and the Grenadines,1991,50.2
Samoa,1991,33.6
Sao Tome and Principe,1991,47.5
Saudi Arabia,1991,49.1
Senegal,1991,50.6
Serbia,1991,50.4
Sierra Leone,1991,62.6
Singapore,1991,62.2
Slovakia,1991,58.1
Slovenia,1991,54.8
Solomon Islands,1991,69.6
Somalia,1991,45.8
South Africa,1991,37.8
South Sudan,1991,65.4
Spain,1991,42.1
Sri Lanka,1991,51.2
Sudan,1991,43.1
Suriname,1991,38.7
Sweden,1991,64.8
Switzerland,1991,67.2
Syrian Arab Republic,1991,50.1
Tajikistan,1991,53.1
Tanzania (United Republic of),1991,80.6
Thailand,1991,73.4
The former Yugoslav Republic of Macedonia,1991,35.4
Timor-Leste,1991,56.8
Togo,1991,80.9
Tonga,1991,56.1
Trinidad and Tobago,1991,45.0
Tunisia,1991,40.8
Turkey,1991,51.8
Turkmenistan,1991,60.3
Uganda,1991,69.2
Ukraine,1991,56.5
United Arab Emirates,1991,72.0
United Kingdom,1991,56.9
United States,1991,60.6
Uruguay,1991,54.9
Uzbekistan,1991,58.1
Vanuatu,1991,66.5
Venezuela (Bolivarian Republic of),1991,56.0
Viet Nam,1991,76.1
Yemen,1991,40.7
Zambia,1991,64.6
Zimbabwe,1991,71.0
,1991,
Afghanistan,1995,47.4
Albania,1995,48.2
Algeria,1995,32.5
Angola,1995,59.2
Argentina,1995,49.1
Armenia,1995,54.3
Australia,1995,58.3
Austria,1995,56.5
Azerbaijan,1995,58.6
Bahamas,1995,67.0
Bahrain,1995,61.7
Bangladesh,1995,55.3
Barbados,1995,56.5
Belarus,1995,58.8
Belgium,1995,45.7
Belize,1995,51.4
Benin,1995,71.8
Bhutan,1995,62.1
Bolivia (Plurinational State of),1995,67.0
Bosnia and Herzegovina,1995,39.1
Botswana,1995,48.5
Brazil,1995,59.9
Brunei Darussalam,1995,62.9
Bulgaria,1995,46.2
Burkina Faso,1995,78.8
Burundi,1995,86.1
Cabo Verde,1995,54.9
Cambodia,1995,80.0
Cameroon,1995,71.2
Canada,1995,58.3
Central African Republic,1995,67.4
Chad,1995,68.3
Chile,1995,52.6
China,1995,75.1
Colombia,1995,51.3
Comoros,1995,40.8
Congo,1995,54.1
Congo (Democratic Republic of the),1995,69.5
Costa Rica,1995,56.4
Croatia,1995,49.5
Cuba,1995,47.0
Cyprus,1995,57.9
Czechia,1995,58.9
Côte d'Ivoire,1995,63.9
Denmark,1995,60.8
Djibouti,1995,58.3
Dominican Republic,1995,59.7
Ecuador,1995,60.7
Egypt,1995,41.2
El Salvador,1995,57.3
Equatorial Guinea,1995,57.6
Eritrea,1995,76.9
Estonia,1995,55.8
Eswatini (Kingdom of),1995,42.5
Ethiopia,1995,75.4
Fiji,1995,56.4
Finland,1995,49.7
France,1995,48.7
Gabon,1995,38.7
Gambia,1995,52.4
Georgia,1995,59.3
Germany,1995,53.5
Ghana,1995,70.2
Greece,1995,47.0
Guatemala,1995,60.5
Guinea,1995,62.6
Guinea-Bissau,1995,68.3
Guyana,1995,51.8
Haiti,1995,61.2
Honduras,1995,64.2
" Hong Kong, China (SAR)",1995,59.9
Hungary,1995,44.4
Iceland,1995,72.7
India,1995,58.3
Indonesia,1995,63.1
Iran (Islamic Republic of),1995,39.6
Iraq,1995,34.9
Ireland,1995,47.4
Israel,1995,56.4
Italy,1995,41.8
Jamaica,1995,58.2
Japan,1995,61.6
Jordan,1995,36.4
Kazakhstan,1995,63.7
Kenya,1995,65.2
Korea (Democratic People's Rep. of),1995,76.8
Korea (Republic of),1995,60.4
Kuwait,1995,66.7
Kyrgyzstan,1995,60.8
Lao People's Democratic Republic,1995,78.9
Latvia,1995,48.1
Lebanon,1995,40.0
Lesotho,1995,43.7
Liberia,1995,54.0
Libya,1995,40.1
Lithuania,1995,50.9
Luxembourg,1995,48.8
Madagascar,1995,81.5
Malawi,1995,71.3
Malaysia,1995,59.9
Maldives,1995,50.5
Mali,1995,48.9
Malta,1995,46.6
Mauritania,1995,46.3
Mauritius,1995,54.2
Mexico,1995,55.7
Moldova (Republic of),1995,46.9
Mongolia,1995,56.3
Montenegro,1995,36.7
Morocco,1995,39.6
Mozambique,1995,65.3
Myanmar,1995,72.0
Namibia,1995,45.3
Nepal,1995,82.3
Netherlands,1995,54.3
New Zealand,1995,60.1
Nicaragua,1995,49.1
Niger,1995,74.4
Nigeria,1995,53.2
Norway,1995,59.2
Oman,1995,50.3
Pakistan,1995,46.7
" Palestine, State of",1995,29.7
Panama,1995,53.6
Papua New Guinea,1995,68.9
Paraguay,1995,67.1
Peru,1995,60.6
Philippines,1995,60.2
Poland,1995,50.7
Portugal,1995,54.3
Qatar,1995,76.5
Romania,1995,62.9
Russian Federation,1995,56.2
Rwanda,1995,87.0
Saint Lucia,1995,53.0
Saint Vincent and the Grenadines,1995,52.0
Samoa,1995,33.4
Sao Tome and Principe,1995,46.3
Saudi Arabia,1995,49.3
Senegal,1995,50.0
Serbia,1995,49.4
Sierra Leone,1995,62.4
Singapore,1995,62.9
Slovakia,1995,52.1
Slovenia,1995,53.7
Solomon Islands,1995,68.7
Somalia,1995,45.6
South Africa,1995,44.3
South Sudan,1995,65.2
Spain,1995,38.7
Sri Lanka,1995,48.8
Sudan,1995,44.3
Suriname,1995,45.8
Sweden,1995,58.0
Switzerland,1995,64.8
Syrian Arab Republic,1995,49.0
Tajikistan,1995,53.4
Tanzania (United Republic of),1995,79.8
Thailand,1995,73.8
The former Yugoslav Republic of Macedonia,1995,35.3
Timor-Leste,1995,56.8
Togo,1995,80.3
Tonga,1995,58.6
Trinidad and Tobago,1995,49.8
Tunisia,1995,40.8
Turkey,1995,49.4
Turkmenistan,1995,61.0
Uganda,1995,68.7
Ukraine,1995,56.4
United Arab Emirates,1995,73.8
United Kingdom,1995,55.5
United States,1995,62.1
Uruguay,1995,56.2
Uzbekistan,1995,58.5
Vanuatu,1995,66.4
Venezuela (Bolivarian Republic of),1995,56.5
Viet Nam,1995,75.9
Yemen,1995,41.6
Zambia,1995,65.6
Zimbabwe,1995,69.9
,1995,
Afghanistan,2000,45.9
Albania,2000,48.5
Algeria,2000,30.6
Angola,2000,59.2
Argentina,2000,52.4
Armenia,2000,50.3
Australia,2000,59.4
Austria,2000,55.8
Azerbaijan,2000,55.8
Bahamas,2000,69.7
Bahrain,2000,62.1
Bangladesh,2000,55.6
Barbados,2000,62.4
Belarus,2000,58.5
Belgium,2000,48.8
Belize,2000,54.4
Benin,2000,71.6
Bhutan,2000,64.0
Bolivia (Plurinational State of),2000,67.2
Bosnia and Herzegovina,2000,36.9
Botswana,2000,49.6
Brazil,2000,55.9
Brunei Darussalam,2000,64.2
Bulgaria,2000,41.8
Burkina Faso,2000,75.7
Burundi,2000,82.3
Cabo Verde,2000,54.1
Cambodia,2000,76.7
Cameroon,2000,70.7
Canada,2000,60.8
Central African Republic,2000,67.0
Chad,2000,68.4
Chile,2000,49.5
China,2000,73.7
Colombia,2000,48.2
Comoros,2000,40.2
Congo,2000,54.3
Congo (Democratic Republic of the),2000,69.6
Costa Rica,2000,56.4
Croatia,2000,45.0
Cuba,2000,49.1
Cyprus,2000,57.8
Czechia,2000,54.9
Côte d'Ivoire,2000,63.0
Denmark,2000,62.8
Djibouti,2000,57.9
Dominican Republic,2000,60.1
Ecuador,2000,61.8
Egypt,2000,42.0
El Salvador,2000,57.2
Equatorial Guinea,2000,55.2
Eritrea,2000,75.3
Estonia,2000,51.1
Eswatini (Kingdom of),2000,41.2
Ethiopia,2000,74.8
Fiji,2000,53.1
Finland,2000,54.2
France,2000,49.9
Gabon,2000,39.0
Gambia,2000,52.2
Georgia,2000,56.6
Germany,2000,53.5
Ghana,2000,66.9
Greece,2000,47.4
Guatemala,2000,61.5
Guinea,2000,62.4
Guinea-Bissau,2000,67.6
Guyana,2000,49.7
Haiti,2000,58.0
Honduras,2000,63.3
" Hong Kong, China (SAR)",2000,58.2
Hungary,2000,45.8
Iceland,2000,76.9
India,2000,56.5
Indonesia,2000,63.4
Iran (Islamic Republic of),2000,37.7
Iraq,2000,34.3
Ireland,2000,56.8
Israel,2000,54.4
Italy,2000,42.7
Jamaica,2000,56.4
Japan,2000,59.6
Jordan,2000,36.3
Kazakhstan,2000,62.0
Kenya,2000,63.6
Korea (Democratic People's Rep. of),2000,78.5
Korea (Republic of),2000,58.4
Kuwait,2000,66.7
Kyrgyzstan,2000,59.4
Lao People's Democratic Republic,2000,78.6
Latvia,2000,48.1
Lebanon,2000,41.0
Lesotho,2000,56.7
Liberia,2000,52.1
Libya,2000,40.4
Lithuania,2000,50.6
Luxembourg,2000,52.1
Madagascar,2000,81.6
Malawi,2000,71.4
Malaysia,2000,59.9
Maldives,2000,53.2
Mali,2000,48.0
Malta,2000,46.8
Mauritania,2000,46.1
Mauritius,2000,56.7
Mexico,2000,58.8
Moldova (Republic of),2000,46.6
Mongolia,2000,57.6
Montenegro,2000,36.1
Morocco,2000,44.1
Mozambique,2000,66.6
Myanmar,2000,70.9
Namibia,2000,45.0
Nepal,2000,84.2
Netherlands,2000,61.1
New Zealand,2000,60.7
Nicaragua,2000,55.7
Niger,2000,77.0
Nigeria,2000,52.6
Norway,2000,64.6
Oman,2000,44.2
Pakistan,2000,47.4
" Palestine, State of",2000,33.6
Panama,2000,54.4
Papua New Guinea,2000,69.9
Paraguay,2000,64.5
Peru,2000,63.7
Philippines,2000,60.1
Poland,2000,47.1
Portugal,2000,58.4
Qatar,2000,73.2
Romania,2000,59.8
Russian Federation,2000,55.4
Rwanda,2000,86.5
Saint Lucia,2000,53.2
Saint Vincent and the Grenadines,2000,52.9
Samoa,2000,32.7
Sao Tome and Principe,2000,47.5
Saudi Arabia,2000,47.6
Senegal,2000,48.9
Serbia,2000,49.2
Sierra Leone,2000,62.1
Singapore,2000,62.3
Slovakia,2000,48.4
Slovenia,2000,53.4
Solomon Islands,2000,70.8
Somalia,2000,44.8
South Africa,2000,40.7
South Sudan,2000,65.5
Spain,2000,45.5
Sri Lanka,2000,52.5
Sudan,2000,43.5
Suriname,2000,44.7
Sweden,2000,59.0
Switzerland,2000,65.6
Syrian Arab Republic,2000,49.1
Tajikistan,2000,51.6
Tanzania (United Republic of),2000,79.0
Thailand,2000,71.7
The former Yugoslav Republic of Macedonia,2000,36.0
Timor-Leste,2000,53.0
Togo,2000,79.2
Tonga,2000,56.3
Trinidad and Tobago,2000,53.8
Tunisia,2000,40.0
Turkey,2000,45.6
Turkmenistan,2000,60.9
Uganda,2000,67.9
Ukraine,2000,50.4
United Arab Emirates,2000,74.2
United Kingdom,2000,58.0
United States,2000,63.8
Uruguay,2000,54.6
Uzbekistan,2000,57.7
Vanuatu,2000,65.7
Venezuela (Bolivarian Republic of),2000,55.3
Viet Nam,2000,75.4
Yemen,2000,40.1
Zambia,2000,68.9
Zimbabwe,2000,69.3
,2000,
Afghanistan,2005,48.5
Albania,2005,47.8
Algeria,2005,36.0
Angola,2005,61.0
Argentina,2005,54.9
Armenia,2005,51.3
Australia,2005,61.3
Austria,2005,54.8
Azerbaijan,2005,58.8
Bahamas,2005,67.8
Bahrain,2005,63.2
Bangladesh,2005,55.2
Barbados,2005,63.2
Belarus,2005,60.3
Belgium,2005,48.7
Belize,2005,56.9
Benin,2005,71.2
Bhutan,2005,68.5
Bolivia (Plurinational State of),2005,68.8
Bosnia and Herzegovina,2005,34.3
Botswana,2005,49.8
Brazil,2005,60.8
Brunei Darussalam,2005,63.6
Bulgaria,2005,45.3
Burkina Faso,2005,71.2
Burundi,2005,79.8
Cabo Verde,2005,52.6
Cambodia,2005,79.9
Cameroon,2005,72.5
Canada,2005,62.2
Central African Republic,2005,66.8
Chad,2005,68.2
Chile,2005,50.9
China,2005,70.3
Colombia,2005,57.4
Comoros,2005,39.9
Congo,2005,55.1
Congo (Democratic Republic of the),2005,69.6
Costa Rica,2005,58.4
Croatia,2005,46.6
Cuba,2005,51.8
Cyprus,2005,59.7
Czechia,2005,54.8
Côte d'Ivoire,2005,61.0
Denmark,2005,62.7
Djibouti,2005,56.4
Dominican Republic,2005,60.7
Ecuador,2005,63.8
Egypt,2005,41.3
El Salvador,2005,56.5
Equatorial Guinea,2005,54.7
Eritrea,2005,73.8
Estonia,2005,53.9
Eswatini (Kingdom of),2005,40.9
Ethiopia,2005,80.0
Fiji,2005,53.6
Finland,2005,55.5
France,2005,51.4
Gabon,2005,39.5
Gambia,2005,53.0
Georgia,2005,54.6
Germany,2005,51.9
Ghana,2005,71.8
Greece,2005,48.3
Guatemala,2005,63.3
Guinea,2005,62.1
Guinea-Bissau,2005,66.9
Guyana,2005,49.2
Haiti,2005,54.8
Honduras,2005,57.1
" Hong Kong, China (SAR)",2005,57.5
Hungary,2005,46.5
Iceland,2005,73.8
India,2005,58.0
Indonesia,2005,62.3
Iran (Islamic Republic of),2005,41.7
Iraq,2005,35.0
Ireland,2005,59.8
Israel,2005,54.7
Italy,2005,45.2
Jamaica,2005,58.8
Japan,2005,57.9
Jordan,2005,34.8
Kazakhstan,2005,63.9
Kenya,2005,58.0
Korea (Democratic People's Rep. of),2005,77.8
Korea (Republic of),2005,59.8
Kuwait,2005,67.2
Kyrgyzstan,2005,59.6
Lao People's Democratic Republic,2005,77.7
Latvia,2005,51.5
Lebanon,2005,42.5
Lesotho,2005,44.2
Liberia,2005,52.9
Libya,2005,41.8
Lithuania,2005,51.5
Luxembourg,2005,52.3
Madagascar,2005,84.6
Malawi,2005,71.1
Malaysia,2005,59.0
Maldives,2005,61.4
Mali,2005,48.6
Malta,2005,45.0
Mauritania,2005,45.3
Mauritius,2005,53.0
Mexico,2005,58.9
Moldova (Republic of),2005,45.0
Mongolia,2005,57.3
Montenegro,2005,35.3
Morocco,2005,45.2
Mozambique,2005,66.6
Myanmar,2005,68.9
Namibia,2005,45.0
Nepal,2005,83.0
Netherlands,2005,61.3
New Zealand,2005,64.6
Nicaragua,2005,59.0
Niger,2005,76.6
Nigeria,2005,52.4
Norway,2005,62.6
Oman,2005,45.3
Pakistan,2005,48.6
" Palestine, State of",2005,31.2
Panama,2005,57.9
Papua New Guinea,2005,70.6
Paraguay,2005,66.2
Peru,2005,71.9
Philippines,2005,59.7
Poland,2005,45.3
Portugal,2005,57.3
Qatar,2005,79.0
Romania,2005,49.7
Russian Federation,2005,57.2
Rwanda,2005,84.6
Saint Lucia,2005,53.8
Saint Vincent and the Grenadines,2005,55.0
Samoa,2005,32.3
Sao Tome and Principe,2005,46.6
Saudi Arabia,2005,47.4
Senegal,2005,46.7
Serbia,2005,43.2
Sierra Leone,2005,62.7
Singapore,2005,60.6
Slovakia,2005,49.9
Slovenia,2005,55.4
Solomon Islands,2005,71.3
Somalia,2005,43.9
South Africa,2005,40.8
South Sudan,2005,64.9
Spain,2005,51.6
Sri Lanka,2005,52.0
Sudan,2005,42.7
Suriname,2005,47.1
Sweden,2005,58.8
Switzerland,2005,64.0
Syrian Arab Republic,2005,42.1
Tajikistan,2005,51.8
Tanzania (United Republic of),2005,79.4
Thailand,2005,72.4
The former Yugoslav Republic of Macedonia,2005,33.2
Timor-Leste,2005,45.6
Togo,2005,79.1
Tonga,2005,58.3
Trinidad and Tobago,2005,59.5
Tunisia,2005,40.0
Turkey,2005,41.1
Turkmenistan,2005,61.1
Uganda,2005,69.1
Ukraine,2005,51.1
United Arab Emirates,2005,76.0
United Kingdom,2005,58.8
United States,2005,61.8
Uruguay,2005,55.2
Uzbekistan,2005,58.0
Vanuatu,2005,66.4
Venezuela (Bolivarian Republic of),2005,57.6
Viet Nam,2005,75.1
Yemen,2005,35.5
Zambia,2005,71.3
Zimbabwe,2005,78.6
,2005,
Afghanistan,2010,47.6
Albania,2010,46.6
Algeria,2010,38.1
Angola,2010,70.1
Argentina,2010,55.3
Armenia,2010,48.3
Australia,2010,62.1
Austria,2010,57.1
Azerbaijan,2010,60.4
Bahamas,2010,65.0
Bahrain,2010,71.4
Bangladesh,2010,55.1
Barbados,2010,60.7
Belarus,2010,62.3
Belgium,2010,49.5
Belize,2010,59.6
Benin,2010,70.3
Bhutan,2010,67.5
Bolivia (Plurinational State of),2010,70.2
Bosnia and Herzegovina,2010,35.1
Botswana,2010,49.5
Brazil,2010,60.3
Brunei Darussalam,2010,63.4
Bulgaria,2010,47.9
Burkina Faso,2010,67.1
Burundi,2010,78.1
Cabo Verde,2010,52.9
Cambodia,2010,85.1
Cameroon,2010,72.8
Canada,2010,61.2
Central African Republic,2010,67.0
Chad,2010,67.8
Chile,2010,55.6
China,2010,68.0
Colombia,2010,61.5
Comoros,2010,40.3
Congo,2010,59.4
Congo (Democratic Republic of the),2010,69.7
Costa Rica,2010,55.1
Croatia,2010,46.6
Cuba,2010,54.1
Cyprus,2010,60.0
Czechia,2010,54.1
Côte d'Ivoire,2010,58.7
Denmark,2010,59.6
Djibouti,2010,55.7
Dominican Republic,2010,60.7
Ecuador,2010,62.4
Egypt,2010,43.5
El Salvador,2010,58.3
Equatorial Guinea,2010,55.6
Eritrea,2010,75.2
Estonia,2010,50.4
Eswatini (Kingdom of),2010,38.0
Ethiopia,2010,79.4
Fiji,2010,51.7
Finland,2010,54.8
France,2010,51.3
Gabon,2010,39.2
Gambia,2010,53.7
Georgia,2010,54.3
Germany,2010,55.3
Ghana,2010,72.1
Greece,2010,47.5
Guatemala,2010,60.4
Guinea,2010,61.8
Guinea-Bissau,2010,66.7
Guyana,2010,50.2
Haiti,2010,55.4
Honduras,2010,61.7
" Hong Kong, China (SAR)",2010,56.6
Hungary,2010,44.9
Iceland,2010,69.2
India,2010,53.4
Indonesia,2010,64.1
Iran (Islamic Republic of),2010,37.3
Iraq,2010,41.6
Ireland,2010,52.7
Israel,2010,57.7
Italy,2010,44.0
Jamaica,2010,58.2
Japan,2010,57.0
Jordan,2010,36.6
Kazakhstan,2010,66.3
Kenya,2010,58.0
Korea (Democratic People's Rep. of),2010,77.2
Korea (Republic of),2010,58.5
Kuwait,2010,68.7
Kyrgyzstan,2010,58.6
Lao People's Democratic Republic,2010,77.5
Latvia,2010,47.5
Lebanon,2010,42.9
Lesotho,2010,50.2
Liberia,2010,55.1
Libya,2010,43.8
Lithuania,2010,46.8
Luxembourg,2010,54.5
Madagascar,2010,85.6
Malawi,2010,72.1
Malaysia,2010,58.4
Maldives,2010,63.0
Mali,2010,59.7
Malta,2010,46.7
Mauritania,2010,44.7
Mauritius,2010,53.7
Mexico,2010,58.1
Moldova (Republic of),2010,38.9
Mongolia,2010,55.2
Montenegro,2010,39.7
Morocco,2010,45.3
Mozambique,2010,63.7
Myanmar,2010,66.9
Namibia,2010,45.9
Nepal,2010,81.4
Netherlands,2010,61.8
New Zealand,2010,63.1
Nicaragua,2010,59.4
Niger,2010,78.5
Nigeria,2010,52.8
Norway,2010,63.4
Oman,2010,50.6
Pakistan,2010,51.2
" Palestine, State of",2010,31.2
Panama,2010,61.6
Papua New Guinea,2010,70.2
Paraguay,2010,65.8
Peru,2010,76.3
Philippines,2010,60.1
Poland,2010,50.5
Portugal,2010,54.5
Qatar,2010,86.3
Romania,2010,51.1
Russian Federation,2010,58.4
Rwanda,2010,84.2
Saint Lucia,2010,53.1
Saint Vincent and the Grenadines,2010,56.2
Samoa,2010,31.0
Sao Tome and Principe,2010,49.1
Saudi Arabia,2010,48.2
Senegal,2010,49.8
Serbia,2010,41.1
Sierra Leone,2010,58.6
Singapore,2010,64.8
Slovakia,2010,50.3
Slovenia,2010,54.9
Solomon Islands,2010,70.9
Somalia,2010,43.3
South Africa,2010,39.4
South Sudan,2010,64.3
Spain,2010,47.5
Sri Lanka,2010,52.0
Sudan,2010,41.4
Suriname,2010,49.1
Sweden,2010,57.7
Switzerland,2010,63.7
Syrian Arab Republic,2010,39.4
Tajikistan,2010,52.2
Tanzania (United Republic of),2010,80.7
Thailand,2010,71.9
The former Yugoslav Republic of Macedonia,2010,37.8
Timor-Leste,2010,40.1
Togo,2010,77.2
Tonga,2010,59.2
Trinidad and Tobago,2010,60.0
Tunisia,2010,40.6
Turkey,2010,42.6
Turkmenistan,2010,61.6
Uganda,2010,68.0
Ukraine,2010,50.5
United Arab Emirates,2010,79.1
United Kingdom,2010,57.0
United States,2010,57.5
Uruguay,2010,60.8
Uzbekistan,2010,58.9
Vanuatu,2010,66.6
Venezuela (Bolivarian Republic of),2010,59.3
Viet Nam,2010,74.9
Yemen,2010,32.5
Zambia,2010,66.4
Zimbabwe,2010,78.3
,2010,
Afghanistan,2011,47.7
Albania,2011,47.9
Algeria,2011,38.3
Angola,2011,72.1
Argentina,2011,56.6
Armenia,2011,49.4
Australia,2011,62.2
Austria,2011,57.3
Azerbaijan,2011,60.5
Bahamas,2011,64.7
Bahrain,2011,70.5
Bangladesh,2011,54.8
Barbados,2011,60.3
Belarus,2011,62.9
Belgium,2011,49.3
Belize,2011,59.3
Benin,2011,69.0
Bhutan,2011,65.8
Bolivia (Plurinational State of),2011,70.2
Bosnia and Herzegovina,2011,34.7
Botswana,2011,53.1
Brazil,2011,60.3
Brunei Darussalam,2011,63.6
Bulgaria,2011,46.6
Burkina Faso,2011,66.0
Burundi,2011,77.8
Cabo Verde,2011,53.1
Cambodia,2011,85.0
Cameroon,2011,72.7
Canada,2011,61.4
Central African Republic,2011,67.1
Chad,2011,67.8
Chile,2011,57.4
China,2011,67.7
Colombia,2011,62.7
Comoros,2011,40.4
Congo,2011,60.6
Congo (Democratic Republic of the),2011,69.8
Costa Rica,2011,55.7
Croatia,2011,44.8
Cuba,2011,53.6
Cyprus,2011,58.2
Czechia,2011,54.3
Côte d'Ivoire,2011,58.3
Denmark,2011,59.1
Djibouti,2011,55.6
Dominican Republic,2011,61.5
Ecuador,2011,62.1
Egypt,2011,43.1
El Salvador,2011,58.9
Equatorial Guinea,2011,55.4
Eritrea,2011,75.4
Estonia,2011,53.7
Eswatini (Kingdom of),2011,38.3
Ethiopia,2011,79.3
Fiji,2011,52.1
Finland,2011,55.2
France,2011,51.1
Gabon,2011,39.4
Gambia,2011,53.8
Georgia,2011,56.0
Germany,2011,56.5
Ghana,2011,72.9
Greece,2011,44.2
Guatemala,2011,59.2
Guinea,2011,61.7
Guinea-Bissau,2011,66.7
Guyana,2011,50.4
Haiti,2011,57.2
Honduras,2011,60.2
" Hong Kong, China (SAR)",2011,57.6
Hungary,2011,45.2
Iceland,2011,69.1
India,2011,52.7
Indonesia,2011,64.3
Iran (Islamic Republic of),2011,37.5
Iraq,2011,43.0
Ireland,2011,51.7
Israel,2011,58.4
Italy,2011,43.9
Jamaica,2011,58.0
Japan,2011,56.8
Jordan,2011,35.9
Kazakhstan,2011,66.6
Kenya,2011,58.1
Korea (Democratic People's Rep. of),2011,77.1
Korea (Republic of),2011,58.8
Kuwait,2011,67.7
Kyrgyzstan,2011,59.0
Lao People's Democratic Republic,2011,77.5
Latvia,2011,49.1
Lebanon,2011,43.1
Lesotho,2011,48.2
Liberia,2011,55.1
Libya,2011,44.2
Lithuania,2011,49.0
Luxembourg,2011,54.1
Madagascar,2011,86.7
Malawi,2011,72.4
Malaysia,2011,59.5
Maldives,2011,63.2
Mali,2011,62.1
Malta,2011,47.7
Mauritania,2011,44.5
Mauritius,2011,53.2
Mexico,2011,58.2
Moldova (Republic of),2011,39.5
Mongolia,2011,57.2
Montenegro,2011,39.4
Morocco,2011,45.4
Mozambique,2011,62.7
Myanmar,2011,66.6
Namibia,2011,47.0
Nepal,2011,81.3
Netherlands,2011,60.9
New Zealand,2011,63.5
Nicaragua,2011,60.2
Niger,2011,78.9
Nigeria,2011,52.9
Norway,2011,63.1
Oman,2011,52.2
Pakistan,2011,51.2
" Palestine, State of",2011,33.7
Panama,2011,61.1
Papua New Guinea,2011,69.3
Paraguay,2011,66.0
Peru,2011,75.9
Philippines,2011,60.8
Poland,2011,50.7
Portugal,2011,52.7
Qatar,2011,85.6
Romania,2011,50.2
Russian Federation,2011,59.3
Rwanda,2011,84.1
Saint Lucia,2011,54.5
Saint Vincent and the Grenadines,2011,56.5
Samoa,2011,30.4
Sao Tome and Principe,2011,49.7
Saudi Arabia,2011,49.2
Senegal,2011,50.7
Serbia,2011,39.2
Sierra Leone,2011,57.7
Singapore,2011,65.1
Slovakia,2011,50.7
Slovenia,2011,53.3
Solomon Islands,2011,70.4
Somalia,2011,43.2
South Africa,2011,39.4
South Sudan,2011,64.6
Spain,2011,46.6
Sri Lanka,2011,52.1
Sudan,2011,41.3
Suriname,2011,49.6
Sweden,2011,58.4
Switzerland,2011,64.5
Syrian Arab Republic,2011,36.6
Tajikistan,2011,52.6
Tanzania (United Republic of),2011,80.3
Thailand,2011,72.8
The former Yugoslav Republic of Macedonia,2011,38.1
Timor-Leste,2011,39.6
Togo,2011,76.5
Tonga,2011,59.1
Trinidad and Tobago,2011,60.7
Tunisia,2011,38.3
Turkey,2011,44.5
Turkmenistan,2011,62.0
Uganda,2011,68.2
Ukraine,2011,50.9
United Arab Emirates,2011,79.1
United Kingdom,2011,56.8
United States,2011,57.4
Uruguay,2011,61.7
Uzbekistan,2011,59.1
Vanuatu,2011,66.6
Venezuela (Bolivarian Republic of),2011,59.7
Viet Nam,2011,75.7
Yemen,2011,32.8
Zambia,2011,68.3
Zimbabwe,2011,78.3
,2011,
Afghanistan,2012,48.2
Albania,2012,49.7
Algeria,2012,38.0
Angola,2012,72.2
Argentina,2012,56.2
Armenia,2012,49.9
Australia,2012,61.8
Austria,2012,57.4
Azerbaijan,2012,60.9
Bahamas,2012,65.1
Bahrain,2012,70.6
Bangladesh,2012,54.6
Barbados,2012,59.0
Belarus,2012,63.3
Belgium,2012,49.1
Belize,2012,58.9
Benin,2012,69.0
Bhutan,2012,64.2
Bolivia (Plurinational State of),2012,67.5
Bosnia and Herzegovina,2012,34.3
Botswana,2012,56.1
Brazil,2012,59.7
Brunei Darussalam,2012,63.8
Bulgaria,2012,46.6
Burkina Faso,2012,64.8
Burundi,2012,77.5
Cabo Verde,2012,53.2
Cambodia,2012,84.9
Cameroon,2012,72.6
Canada,2012,61.4
Central African Republic,2012,67.2
Chad,2012,67.6
Chile,2012,57.8
China,2012,67.4
Colombia,2012,63.8
Comoros,2012,40.5
Congo,2012,62.8
Congo (Democratic Republic of the),2012,69.8
Costa Rica,2012,55.3
Croatia,2012,43.2
Cuba,2012,53.3
Cyprus,2012,55.4
Czechia,2012,54.6
Côte d'Ivoire,2012,57.8
Denmark,2012,58.4
Djibouti,2012,55.6
Dominican Republic,2012,61.4
Ecuador,2012,62.9
Egypt,2012,42.9
El Salvador,2012,59.5
Equatorial Guinea,2012,55.2
Eritrea,2012,75.6
Estonia,2012,55.1
Eswatini (Kingdom of),2012,38.6
Ethiopia,2012,79.1
Fiji,2012,52.6
Finland,2012,55.1
France,2012,50.9
Gabon,2012,39.7
Gambia,2012,53.9
Georgia,2012,57.1
Germany,2012,56.8
Ghana,2012,73.8
Greece,2012,40.5
Guatemala,2012,64.5
Guinea,2012,61.7
Guinea-Bissau,2012,66.8
Guyana,2012,50.4
Haiti,2012,57.2
Honduras,2012,59.0
" Hong Kong, China (SAR)",2012,58.2
Hungary,2012,45.9
Iceland,2012,69.9
India,2012,52.0
Indonesia,2012,64.5
Iran (Islamic Republic of),2012,37.2
Iraq,2012,42.4
Ireland,2012,51.4
Israel,2012,59.2
Italy,2012,43.5
Jamaica,2012,57.3
Japan,2012,56.7
Jordan,2012,35.4
Kazakhstan,2012,66.7
Kenya,2012,58.1
Korea (Democratic People's Rep. of),2012,77.0
Korea (Republic of),2012,59.2
Kuwait,2012,68.5
Kyrgyzstan,2012,58.5
Lao People's Democratic Republic,2012,77.6
Latvia,2012,50.8
Lebanon,2012,43.3
Lesotho,2012,51.2
Liberia,2012,55.0
Libya,2012,43.3
Lithuania,2012,50.4
Luxembourg,2012,55.0
Madagascar,2012,87.8
Malawi,2012,72.6
Malaysia,2012,60.5
Maldives,2012,63.1
Mali,2012,63.5
Malta,2012,48.4
Mauritania,2012,44.4
Mauritius,2012,53.3
Mexico,2012,59.0
Moldova (Republic of),2012,38.5
Mongolia,2012,57.1
Montenegro,2012,39.7
Morocco,2012,44.7
Mozambique,2012,61.5
Myanmar,2012,66.3
Namibia,2012,49.8
Nepal,2012,81.2
Netherlands,2012,60.8
New Zealand,2012,63.0
Nicaragua,2012,61.0
Niger,2012,78.9
Nigeria,2012,53.0
Norway,2012,63.3
Oman,2012,53.5
Pakistan,2012,51.0
" Palestine, State of",2012,33.3
Panama,2012,62.4
Papua New Guinea,2012,69.0
Paraguay,2012,69.4
Peru,2012,76.1
Philippines,2012,60.4
Poland,2012,50.7
Portugal,2012,50.7
Qatar,2012,85.5
Romania,2012,50.9
Russian Federation,2012,60.0
Rwanda,2012,83.9
Saint Lucia,2012,54.5
Saint Vincent and the Grenadines,2012,56.8
Samoa,2012,29.3
Sao Tome and Principe,2012,50.1
Saudi Arabia,2012,50.5
Senegal,2012,51.5
Serbia,2012,39.0
Sierra Leone,2012,56.9
Singapore,2012,65.6
Slovakia,2012,50.9
Slovenia,2012,52.6
Solomon Islands,2012,70.3
Somalia,2012,43.1
South Africa,2012,39.6
South Sudan,2012,64.7
Spain,2012,44.6
Sri Lanka,2012,51.4
Sudan,2012,41.1
Suriname,2012,50.0
Sweden,2012,58.4
Switzerland,2012,64.5
Syrian Arab Republic,2012,36.6
Tajikistan,2012,52.8
Tanzania (United Republic of),2012,80.7
Thailand,2012,72.4
The former Yugoslav Republic of Macedonia,2012,38.0
Timor-Leste,2012,39.2
Togo,2012,76.5
Tonga,2012,59.1
Trinidad and Tobago,2012,60.3
Tunisia,2012,39.2
Turkey,2012,44.8
Turkmenistan,2012,62.4
Uganda,2012,68.5
Ukraine,2012,50.8
United Arab Emirates,2012,79.2
United Kingdom,2012,57.1
United States,2012,57.8
Uruguay,2012,61.2
Uzbekistan,2012,59.4
Vanuatu,2012,66.7
Venezuela (Bolivarian Republic of),2012,59.5
Viet Nam,2012,76.3
Yemen,2012,32.4
Zambia,2012,69.4
Zimbabwe,2012,78.4
,2012,
Afghanistan,2013,48.4
Albania,2013,45.3
Algeria,2013,39.4
Angola,2013,72.2
Argentina,2013,56.4
Armenia,2013,50.9
Australia,2013,61.3
Austria,2013,57.2
Azerbaijan,2013,61.3
Bahamas,2013,63.5
Bahrain,2013,70.6
Bangladesh,2013,54.2
Barbados,2013,59.6
Belarus,2013,63.6
Belgium,2013,49.0
Belize,2013,60.1
Benin,2013,69.0
Bhutan,2013,64.2
Bolivia (Plurinational State of),2013,67.7
Bosnia and Herzegovina,2013,34.3
Botswana,2013,58.7
Brazil,2013,59.7
Brunei Darussalam,2013,63.9
Bulgaria,2013,46.9
Burkina Faso,2013,63.6
Burundi,2013,77.3
Cabo Verde,2013,53.4
Cambodia,2013,84.5
Cameroon,2013,72.5
Canada,2013,61.5
Central African Republic,2013,67.3
Chad,2013,67.5
Chile,2013,58.1
China,2013,67.1
Colombia,2013,64.0
Comoros,2013,40.7
Congo,2013,62.9
Congo (Democratic Republic of the),2013,69.8
Costa Rica,2013,56.1
Croatia,2013,42.1
Cuba,2013,53.3
Cyprus,2013,52.7
Czechia,2013,55.2
Côte d'Ivoire,2013,57.3
Denmark,2013,58.0
Djibouti,2013,55.6
Dominican Republic,2013,61.2
Ecuador,2013,62.4
Egypt,2013,42.9
El Salvador,2013,59.9
Equatorial Guinea,2013,55.5
Eritrea,2013,75.9
Estonia,2013,56.0
Eswatini (Kingdom of),2013,38.9
Ethiopia,2013,79.1
Fiji,2013,53.9
Finland,2013,54.2
France,2013,50.6
Gabon,2013,40.0
Gambia,2013,53.9
Georgia,2013,57.0
Germany,2013,57.2
Ghana,2013,75.1
Greece,2013,38.7
Guatemala,2013,59.3
Guinea,2013,61.6
Guinea-Bissau,2013,66.9
Guyana,2013,50.6
Haiti,2013,57.7
Honduras,2013,60.9
" Hong Kong, China (SAR)",2013,58.8
Hungary,2013,46.8
Iceland,2013,71.1
India,2013,52.1
Indonesia,2013,64.4
Iran (Islamic Republic of),2013,37.6
Iraq,2013,42.5
Ireland,2013,52.7
Israel,2013,59.8
Italy,2013,42.5
Jamaica,2013,56.5
Japan,2013,57.2
Jordan,2013,34.3
Kazakhstan,2013,66.9
Kenya,2013,58.1
Korea (Democratic People's Rep. of),2013,77.0
Korea (Republic of),2013,59.4
Kuwait,2013,68.7
Kyrgyzstan,2013,57.3
Lao People's Democratic Republic,2013,77.6
Latvia,2013,52.4
Lebanon,2013,43.6
Lesotho,2013,49.9
Liberia,2013,54.8
Libya,2013,43.0
Lithuania,2013,51.4
Luxembourg,2013,54.9
Madagascar,2013,87.1
Malawi,2013,72.9
Malaysia,2013,61.8
Maldives,2013,63.5
Mali,2013,64.8
Malta,2013,49.4
Mauritania,2013,44.4
Mauritius,2013,53.9
Mexico,2013,58.8
Moldova (Republic of),2013,39.4
Mongolia,2013,57.3
Montenegro,2013,39.7
Morocco,2013,44.7
Mozambique,2013,60.9
Myanmar,2013,65.9
Namibia,2013,48.9
Nepal,2013,81.1
Netherlands,2013,59.8
New Zealand,2013,63.7
Nicaragua,2013,62.2
Niger,2013,78.8
Nigeria,2013,53.1
Norway,2013,62.8
Oman,2013,55.3
Pakistan,2013,50.7
" Palestine, State of",2013,33.1
Panama,2013,63.6
Papua New Guinea,2013,68.8
Paraguay,2013,68.2
Peru,2013,75.4
Philippines,2013,60.1
Poland,2013,50.6
Portugal,2013,49.6
Qatar,2013,85.9
Romania,2013,50.6
Russian Federation,2013,60.0
Rwanda,2013,84.8
Saint Lucia,2013,52.6
Saint Vincent and the Grenadines,2013,57.1
Samoa,2013,29.4
Sao Tome and Principe,2013,50.3
Saudi Arabia,2013,51.3
Senegal,2013,52.4
Serbia,2013,40.6
Sierra Leone,2013,56.1
Singapore,2013,65.6
Slovakia,2013,50.8
Slovenia,2013,51.6
Solomon Islands,2013,70.2
Somalia,2013,43.1
South Africa,2013,40.2
South Sudan,2013,63.4
Spain,2013,43.5
Sri Lanka,2013,52.6
Sudan,2013,40.9
Suriname,2013,50.9
Sweden,2013,58.7
Switzerland,2013,64.4
Syrian Arab Republic,2013,36.4
Tajikistan,2013,52.9
Tanzania (United Republic of),2013,81.0
Thailand,2013,70.9
The former Yugoslav Republic of Macedonia,2013,39.6
Timor-Leste,2013,38.7
Togo,2013,76.5
Tonga,2013,59.2
Trinidad and Tobago,2013,61.0
Tunisia,2013,39.9
Turkey,2013,45.3
Turkmenistan,2013,62.7
Uganda,2013,69.6
Ukraine,2013,51.6
United Arab Emirates,2013,79.2
United Kingdom,2013,57.5
United States,2013,57.9
Uruguay,2013,60.7
Uzbekistan,2013,59.7
Vanuatu,2013,66.7
Venezuela (Bolivarian Republic of),2013,59.4
Viet Nam,2013,76.6
Yemen,2013,32.1
Zambia,2013,69.3
Zimbabwe,2013,78.6
,2013,
Afghanistan,2014,48.7
Albania,2014,44.9
Algeria,2014,37.1
Angola,2014,72.2
Argentina,2014,55.7
Armenia,2014,49.9
Australia,2014,60.8
Austria,2014,56.8
Azerbaijan,2014,61.9
Bahamas,2014,65.3
Bahrain,2014,70.7
Bangladesh,2014,54.1
Barbados,2014,57.3
Belarus,2014,63.8
Belgium,2014,49.0
Belize,2014,59.4
Benin,2014,68.9
Bhutan,2014,62.7
Bolivia (Plurinational State of),2014,69.9
Bosnia and Herzegovina,2014,34.0
Botswana,2014,58.8
Brazil,2014,59.7
Brunei Darussalam,2014,63.2
Bulgaria,2014,48.0
Burkina Faso,2014,62.4
Burundi,2014,76.9
Cabo Verde,2014,53.6
Cambodia,2014,84.5
Cameroon,2014,72.9
Canada,2014,61.2
Central African Republic,2014,67.2
Chad,2014,67.4
Chile,2014,58.1
China,2014,66.8
Colombia,2014,64.4
Comoros,2014,40.8
Congo,2014,62.9
Congo (Democratic Republic of the),2014,69.8
Costa Rica,2014,57.2
Croatia,2014,43.4
Cuba,2014,53.4
Cyprus,2014,53.1
Czechia,2014,55.8
Côte d'Ivoire,2014,56.8
Denmark,2014,58.0
Djibouti,2014,55.5
Dominican Republic,2014,62.0
Ecuador,2014,61.9
Egypt,2014,42.3
El Salvador,2014,59.2
Equatorial Guinea,2014,55.8
Eritrea,2014,76.0
Estonia,2014,56.7
Eswatini (Kingdom of),2014,39.3
Ethiopia,2014,78.8
Fiji,2014,55.1
Finland,2014,53.8
France,2014,50.0
Gabon,2014,40.3
Gambia,2014,53.8
Georgia,2014,58.8
Germany,2014,57.4
Ghana,2014,75.1
Greece,2014,39.0
Guatemala,2014,60.1
Guinea,2014,61.5
Guinea-Bissau,2014,67.0
Guyana,2014,50.6
Haiti,2014,57.9
Honduras,2014,62.0
" Hong Kong, China (SAR)",2014,58.8
Hungary,2014,49.5
Iceland,2014,72.5
India,2014,52.1
Indonesia,2014,64.4
Iran (Islamic Republic of),2014,37.2
Iraq,2014,43.0
Ireland,2014,53.5
Israel,2014,60.4
Italy,2014,42.4
Jamaica,2014,57.6
Japan,2014,57.7
Jordan,2014,34.5
Kazakhstan,2014,67.3
Kenya,2014,58.0
Korea (Democratic People's Rep. of),2014,77.0
Korea (Republic of),2014,60.1
Kuwait,2014,68.5
Kyrgyzstan,2014,57.4
Lao People's Democratic Republic,2014,77.6
Latvia,2014,52.9
Lebanon,2014,43.8
Lesotho,2014,49.8
Liberia,2014,54.7
Libya,2014,42.8
Lithuania,2014,52.8
Luxembourg,2014,55.6
Madagascar,2014,86.2
Malawi,2014,72.7
Malaysia,2014,62.2
Maldives,2014,63.5
Mali,2014,66.7
Malta,2014,50.6
Mauritania,2014,44.4
Mauritius,2014,54.6
Mexico,2014,58.3
Moldova (Republic of),2014,39.7
Mongolia,2014,57.4
Montenegro,2014,40.3
Morocco,2014,44.5
Mozambique,2014,59.1
Myanmar,2014,65.5
Namibia,2014,49.6
Nepal,2014,81.5
Netherlands,2014,59.3
New Zealand,2014,64.7
Nicaragua,2014,63.0
Niger,2014,78.8
Nigeria,2014,52.6
Norway,2014,62.5
Oman,2014,57.1
Pakistan,2014,51.2
" Palestine, State of",2014,32.4
Panama,2014,62.9
Papua New Guinea,2014,68.4
Paraguay,2014,66.0
Peru,2014,74.9
Philippines,2014,60.7
Poland,2014,51.7
Portugal,2014,50.6
Qatar,2014,86.6
Romania,2014,51.0
Russian Federation,2014,60.2
Rwanda,2014,85.6
Saint Lucia,2014,52.4
Saint Vincent and the Grenadines,2014,56.9
Samoa,2014,29.3
Sao Tome and Principe,2014,50.4
Saudi Arabia,2014,51.7
Senegal,2014,53.3
Serbia,2014,42.4
Sierra Leone,2014,55.3
Singapore,2014,66.3
Slovakia,2014,51.5
Slovenia,2014,52.1
Solomon Islands,2014,70.2
Somalia,2014,43.2
South Africa,2014,40.1
South Sudan,2014,63.8
Spain,2014,44.2
Sri Lanka,2014,51.7
Sudan,2014,40.9
Suriname,2014,49.8
Sweden,2014,58.9
Switzerland,2014,64.7
Syrian Arab Republic,2014,36.0
Tajikistan,2014,53.0
Tanzania (United Republic of),2014,81.7
Thailand,2014,70.2
The former Yugoslav Republic of Macedonia,2014,40.2
Timor-Leste,2014,38.3
Togo,2014,76.5
Tonga,2014,59.1
Trinidad and Tobago,2014,61.3
Tunisia,2014,40.2
Turkey,2014,45.2
Turkmenistan,2014,62.9
Uganda,2014,69.5
Ukraine,2014,49.3
United Arab Emirates,2014,79.4
United Kingdom,2014,58.4
United States,2014,58.4
Uruguay,2014,61.1
Uzbekistan,2014,60.0
Vanuatu,2014,66.7
Venezuela (Bolivarian Republic of),2014,59.9
Viet Nam,2014,77.1
Yemen,2014,32.0
Zambia,2014,69.2
Zimbabwe,2014,78.8
,2014,
Afghanistan,2015,49.1
Albania,2015,46.8
Algeria,2015,36.8
Angola,2015,72.1
Argentina,2015,55.9
Armenia,2015,48.9
Australia,2015,61.1
Austria,2015,56.7
Azerbaijan,2015,62.3
Bahamas,2015,66.6
Bahrain,2015,70.8
Bangladesh,2015,54.0
Barbados,2015,58.2
Belarus,2015,63.9
Belgium,2015,48.9
Belize,2015,59.8
Benin,2015,68.9
Bhutan,2015,65.0
Bolivia (Plurinational State of),2015,65.0
Bosnia and Herzegovina,2015,34.5
Botswana,2015,59.0
Brazil,2015,58.7
Brunei Darussalam,2015,63.0
Bulgaria,2015,49.2
Burkina Faso,2015,62.3
Burundi,2015,77.3
Cabo Verde,2015,53.8
Cambodia,2015,84.3
Cameroon,2015,72.9
Canada,2015,61.0
Central African Republic,2015,67.1
Chad,2015,67.2
Chile,2015,58.2
China,2015,66.5
Colombia,2015,64.8
Comoros,2015,41.0
Congo,2015,62.8
Congo (Democratic Republic of the),2015,69.8
Costa Rica,2015,56.4
Croatia,2015,44.3
Cuba,2015,53.4
Cyprus,2015,53.3
Czechia,2015,56.6
Côte d'Ivoire,2015,56.3
Denmark,2015,58.2
Djibouti,2015,55.5
Dominican Republic,2015,62.7
Ecuador,2015,64.2
Egypt,2015,41.7
El Salvador,2015,59.0
Equatorial Guinea,2015,56.3
Eritrea,2015,76.1
Estonia,2015,58.4
Eswatini (Kingdom of),2015,39.6
Ethiopia,2015,78.5
Fiji,2015,54.9
Finland,2015,53.3
France,2015,49.8
Gabon,2015,40.6
Gambia,2015,53.7
Georgia,2015,60.0
Germany,2015,57.5
Ghana,2015,75.1
Greece,2015,39.9
Guatemala,2015,59.8
Guinea,2015,61.5
Guinea-Bissau,2015,67.1
Guyana,2015,50.6
Haiti,2015,58.1
Honduras,2015,64.7
" Hong Kong, China (SAR)",2015,58.8
Hungary,2015,51.1
Iceland,2015,74.0
India,2015,52.1
Indonesia,2015,62.9
Iran (Islamic Republic of),2015,38.1
Iraq,2015,43.0
Ireland,2015,54.6
Israel,2015,60.8
Italy,2015,42.6
Jamaica,2015,57.8
Japan,2015,58.0
Jordan,2015,34.0
Kazakhstan,2015,67.4
Kenya,2015,58.0
Korea (Democratic People's Rep. of),2015,76.9
Korea (Republic of),2015,60.2
Kuwait,2015,68.9
Kyrgyzstan,2015,57.7
Lao People's Democratic Republic,2015,77.7
Latvia,2015,54.3
Lebanon,2015,44.0
Lesotho,2015,48.3
Liberia,2015,54.6
Libya,2015,42.8
Lithuania,2015,53.9
Luxembourg,2015,55.4
Madagascar,2015,85.0
Malawi,2015,72.5
Malaysia,2015,62.3
Maldives,2015,62.8
Mali,2015,65.8
Malta,2015,51.3
Mauritania,2015,44.4
Mauritius,2015,54.9
Mexico,2015,58.7
Moldova (Republic of),2015,42.5
Mongolia,2015,57.4
Montenegro,2015,40.3
Morocco,2015,44.3
Mozambique,2015,59.0
Myanmar,2015,65.1
Namibia,2015,49.1
Nepal,2015,81.5
Netherlands,2015,59.7
New Zealand,2015,64.7
Nicaragua,2015,63.3
Niger,2015,78.7
Nigeria,2015,52.7
Norway,2015,62.1
Oman,2015,58.6
Pakistan,2015,51.3
" Palestine, State of",2015,33.6
Panama,2015,63.5
Papua New Guinea,2015,68.2
Paraguay,2015,66.4
Peru,2015,73.8
Philippines,2015,60.5
Poland,2015,52.4
Portugal,2015,51.3
Qatar,2015,87.4
Romania,2015,50.6
Russian Federation,2015,60.1
Rwanda,2015,85.4
Saint Lucia,2015,51.6
Saint Vincent and the Grenadines,2015,57.0
Samoa,2015,29.2
Sao Tome and Principe,2015,50.5
Saudi Arabia,2015,52.5
Senegal,2015,54.2
Serbia,2015,42.7
Sierra Leone,2015,55.5
Singapore,2015,67.7
Slovakia,2015,52.8
Slovenia,2015,52.2
Solomon Islands,2015,70.1
Somalia,2015,43.2
South Africa,2015,40.9
South Sudan,2015,63.7
Spain,2015,45.5
Sri Lanka,2015,51.4
Sudan,2015,40.7
Suriname,2015,49.7
Sweden,2015,59.2
Switzerland,2015,64.9
Syrian Arab Republic,2015,35.5
Tajikistan,2015,53.1
Tanzania (United Republic of),2015,81.6
Thailand,2015,68.7
The former Yugoslav Republic of Macedonia,2015,41.0
Timor-Leste,2015,37.9
Togo,2015,76.4
Tonga,2015,58.9
Trinidad and Tobago,2015,60.6
Tunisia,2015,40.0
Turkey,2015,45.8
Turkmenistan,2015,63.1
Uganda,2015,69.4
Ukraine,2015,49.6
United Arab Emirates,2015,79.6
United Kingdom,2015,58.9
United States,2015,58.7
Uruguay,2015,60.1
Uzbekistan,2015,60.2
Vanuatu,2015,66.9
Venezuela (Bolivarian Republic of),2015,59.9
Viet Nam,2015,76.8
Yemen,2015,32.7
Zambia,2015,69.1
Zimbabwe,2015,78.9
,2015,
Afghanistan,2016,49.4
Albania,2016,47.7
Algeria,2016,37.2
Angola,2016,71.7
Argentina,2016,54.9
Armenia,2016,49.1
Australia,2016,61.2
Austria,2016,56.8
Azerbaijan,2016,62.9
Bahamas,2016,66.1
Bahrain,2016,71.0
Bangladesh,2016,54.0
Barbados,2016,59.9
Belarus,2016,63.9
Belgium,2016,49.1
Belize,2016,61.5
Benin,2016,69.0
Bhutan,2016,64.9
Bolivia (Plurinational State of),2016,65.3
Bosnia and Herzegovina,2016,35.0
Botswana,2016,58.8
Brazil,2016,56.4
Brunei Darussalam,2016,62.5
Bulgaria,2016,49.4
Burkina Faso,2016,62.4
Burundi,2016,77.6
Cabo Verde,2016,53.9
Cambodia,2016,84.2
Cameroon,2016,72.9
Canada,2016,60.8
Central African Republic,2016,67.1
Chad,2016,67.1
Chile,2016,58.0
China,2016,66.1
Colombia,2016,64.4
Comoros,2016,41.1
Congo,2016,62.5
Congo (Democratic Republic of the),2016,69.8
Costa Rica,2016,54.1
Croatia,2016,44.7
Cuba,2016,53.1
Cyprus,2016,54.7
Czechia,2016,57.8
Côte d'Ivoire,2016,55.9
Denmark,2016,59.4
Djibouti,2016,55.5
Dominican Republic,2016,63.1
Ecuador,2016,65.4
Egypt,2016,41.9
El Salvador,2016,58.4
Equatorial Guinea,2016,55.8
Eritrea,2016,76.1
Estonia,2016,58.7
Eswatini (Kingdom of),2016,39.8
Ethiopia,2016,78.1
Fiji,2016,54.7
Finland,2016,53.3
France,2016,49.9
Gabon,2016,41.1
Gambia,2016,53.6
Georgia,2016,59.6
Germany,2016,58.0
Ghana,2016,75.0
Greece,2016,40.7
Guatemala,2016,60.2
Guinea,2016,61.3
Guinea-Bissau,2016,67.2
Guyana,2016,50.8
Haiti,2016,58.4
Honduras,2016,65.0
" Hong Kong, China (SAR)",2016,58.6
Hungary,2016,52.9
Iceland,2016,75.4
India,2016,52.0
Indonesia,2016,63.6
Iran (Islamic Republic of),2016,38.8
Iraq,2016,42.6
Ireland,2016,55.6
Israel,2016,61.1
Italy,2016,43.1
Jamaica,2016,58.2
Japan,2016,58.6
Jordan,2016,33.2
Kazakhstan,2016,67.5
Kenya,2016,57.9
Korea (Democratic People's Rep. of),2016,76.7
Korea (Republic of),2016,60.3
Kuwait,2016,68.1
Kyrgyzstan,2016,57.2
Lao People's Democratic Republic,2016,77.6
Latvia,2016,54.9
Lebanon,2016,44.2
Lesotho,2016,47.9
Liberia,2016,54.4
Libya,2016,42.8
Lithuania,2016,55.8
Luxembourg,2016,54.3
Madagascar,2016,84.8
Malawi,2016,72.2
Malaysia,2016,62.1
Maldives,2016,62.0
Mali,2016,65.6
Malta,2016,52.0
Mauritania,2016,44.4
Mauritius,2016,54.7
Mexico,2016,58.9
Moldova (Republic of),2016,41.0
Mongolia,2016,55.0
Montenegro,2016,40.1
Morocco,2016,44.5
Mozambique,2016,59.0
Myanmar,2016,64.8
Namibia,2016,47.0
Nepal,2016,81.7
Netherlands,2016,59.9
New Zealand,2016,65.8
Nicaragua,2016,63.5
Niger,2016,78.7
Nigeria,2016,51.3
Norway,2016,61.4
Oman,2016,58.8
Pakistan,2016,52.3
" Palestine, State of",2016,33.3
Panama,2016,63.2
Papua New Guinea,2016,68.1
Paraguay,2016,66.6
Peru,2016,73.6
Philippines,2016,60.6
Poland,2016,53.4
Portugal,2016,52.1
Qatar,2016,87.0
Romania,2016,50.4
Russian Federation,2016,60.3
Rwanda,2016,85.2
Saint Lucia,2016,53.7
Saint Vincent and the Grenadines,2016,56.9
Samoa,2016,28.9
Sao Tome and Principe,2016,50.4
Saudi Arabia,2016,52.6
Senegal,2016,54.2
Serbia,2016,45.7
Sierra Leone,2016,55.4
Singapore,2016,67.4
Slovakia,2016,54.3
Slovenia,2016,52.1
Solomon Islands,2016,70.1
Somalia,2016,43.3
South Africa,2016,40.2
South Sudan,2016,64.0
Spain,2016,46.7
Sri Lanka,2016,51.4
Sudan,2016,40.6
Suriname,2016,49.0
Sweden,2016,59.5
Switzerland,2016,65.2
Syrian Arab Republic,2016,35.3
Tajikistan,2016,53.1
Tanzania (United Republic of),2016,81.5
Thailand,2016,68.1
The former Yugoslav Republic of Macedonia,2016,41.9
Timor-Leste,2016,37.7
Togo,2016,76.3
Tonga,2016,58.8
Trinidad and Tobago,2016,59.6
Tunisia,2016,39.8
Turkey,2016,46.2
Turkmenistan,2016,63.2
Uganda,2016,69.2
Ukraine,2016,49.4
United Arab Emirates,2016,79.1
United Kingdom,2016,59.4
United States,2016,59.1
Uruguay,2016,59.6
Uzbekistan,2016,60.6
Vanuatu,2016,66.8
Venezuela (Bolivarian Republic of),2016,58.6
Viet Nam,2016,76.6
Yemen,2016,32.9
Zambia,2016,69.0
Zimbabwe,2016,79.0
,2016,
Afghanistan,2017,49.5
Albania,2017,48.3
Algeria,2017,37.3
Angola,2017,71.3
Argentina,2017,54.6
Armenia,2017,49.2
Australia,2017,61.1
Austria,2017,57.0
Azerbaijan,2017,62.8
Bahamas,2017,66.3
Bahrain,2017,71.3
Bangladesh,2017,54.0
Barbados,2017,59.5
Belarus,2017,63.7
Belgium,2017,49.3
Belize,2017,62.0
Benin,2017,69.1
Bhutan,2017,65.2
Bolivia (Plurinational State of),2017,65.3
Bosnia and Herzegovina,2017,34.7
Botswana,2017,58.9
Brazil,2017,55.5
Brunei Darussalam,2017,62.3
Bulgaria,2017,50.1
Burkina Faso,2017,62.3
Burundi,2017,77.7
Cabo Verde,2017,54.2
Cambodia,2017,84.5
Cameroon,2017,73.0
Canada,2017,61.0
Central African Republic,2017,67.2
Chad,2017,67.0
Chile,2017,58.0
China,2017,65.7
Colombia,2017,64.1
Comoros,2017,41.2
Congo,2017,62.1
Congo (Democratic Republic of the),2017,69.8
Costa Rica,2017,54.5
Croatia,2017,45.8
Cuba,2017,53.0
Cyprus,2017,56.0
Czechia,2017,58.1
Côte d'Ivoire,2017,55.8
Denmark,2017,59.4
Djibouti,2017,55.6
Dominican Republic,2017,63.1
Ecuador,2017,64.9
Egypt,2017,42.2
El Salvador,2017,58.6
Equatorial Guinea,2017,55.1
Eritrea,2017,76.2
Estonia,2017,58.5
Eswatini (Kingdom of),2017,40.0
Ethiopia,2017,78.2
Fiji,2017,54.6
Finland,2017,53.2
France,2017,49.9
Gabon,2017,41.3
Gambia,2017,53.7
Georgia,2017,59.8
Germany,2017,58.2
Ghana,2017,75.1
Greece,2017,41.6
Guatemala,2017,60.3
Guinea,2017,61.3
Guinea-Bissau,2017,67.3
Guyana,2017,50.9
Haiti,2017,58.6
Honduras,2017,65.1
" Hong Kong, China (SAR)",2017,58.5
Hungary,2017,53.2
Iceland,2017,75.1
India,2017,51.9
Indonesia,2017,63.4
Iran (Islamic Republic of),2017,38.4
Iraq,2017,42.7
Ireland,2017,56.2
Israel,2017,61.4
Italy,2017,43.1
Jamaica,2017,58.9
Japan,2017,58.5
Jordan,2017,33.3
Kazakhstan,2017,67.6
Kenya,2017,57.9
Korea (Democratic People's Rep. of),2017,76.6
Korea (Republic of),2017,60.3
Kuwait,2017,67.6
Kyrgyzstan,2017,57.2
Lao People's Democratic Republic,2017,77.8
Latvia,2017,55.1
Lebanon,2017,44.2
Lesotho,2017,48.4
Liberia,2017,54.3
Libya,2017,43.2
Lithuania,2017,56.3
Luxembourg,2017,54.6
Madagascar,2017,84.9
Malawi,2017,72.3
Malaysia,2017,62.3
Maldives,2017,62.6
Mali,2017,65.9
Malta,2017,52.1
Mauritania,2017,44.4
Mauritius,2017,54.5
Mexico,2017,59.2
Moldova (Republic of),2017,40.6
Mongolia,2017,55.2
Montenegro,2017,40.7
Morocco,2017,44.4
Mozambique,2017,59.0
Myanmar,2017,64.6
Namibia,2017,47.3
Nepal,2017,81.9
Netherlands,2017,60.4
New Zealand,2017,65.8
Nicaragua,2017,63.7
Niger,2017,78.6
Nigeria,2017,51.3
Norway,2017,61.5
Oman,2017,59.0
Pakistan,2017,52.2
" Palestine, State of",2017,33.1
Panama,2017,63.2
Papua New Guinea,2017,68.1
Paraguay,2017,66.3
Peru,2017,73.8
Philippines,2017,60.6
Poland,2017,53.8
Portugal,2017,52.9
Qatar,2017,86.8
Romania,2017,50.5
Russian Federation,2017,60.3
Rwanda,2017,85.0
Saint Lucia,2017,54.0
Saint Vincent and the Grenadines,2017,56.8
Samoa,2017,28.9
Sao Tome and Principe,2017,50.3
Saudi Arabia,2017,52.9
Senegal,2017,54.4
Serbia,2017,46.0
Sierra Leone,2017,55.3
Singapore,2017,67.1
Slovakia,2017,55.1
Slovenia,2017,52.4
Solomon Islands,2017,70.0
Somalia,2017,43.4
South Africa,2017,39.6
South Sudan,2017,64.0
Spain,2017,47.8
Sri Lanka,2017,51.4
Sudan,2017,40.5
Suriname,2017,49.1
Sweden,2017,59.7
Switzerland,2017,65.2
Syrian Arab Republic,2017,34.8
Tajikistan,2017,53.2
Tanzania (United Republic of),2017,81.5
Thailand,2017,67.8
The former Yugoslav Republic of Macedonia,2017,42.4
Timor-Leste,2017,37.5
Togo,2017,76.1
Tonga,2017,58.8
Trinidad and Tobago,2017,59.1
Tunisia,2017,39.8
Turkey,2017,45.8
Turkmenistan,2017,63.2
Uganda,2017,69.2
Ukraine,2017,49.1
United Arab Emirates,2017,78.3
United Kingdom,2017,59.7
United States,2017,59.1
Uruguay,2017,59.6
Uzbekistan,2017,60.9
Vanuatu,2017,66.8
Venezuela (Bolivarian Republic of),2017,58.5
Viet Nam,2017,76.6
Yemen,2017,32.7
Zambia,2017,69.0
Zimbabwe,2017,79.3
,2017,
