country,year,genderInequality
Afghanistan,1995,
Albania,1995,
Algeria,1995,679.0
Argentina,1995,419.0
Armenia,1995,474.0
Australia,1995,180.0
Austria,1995,186.0
Azerbaijan,1995,
Bahamas,1995,
Bahrain,1995,
Bangladesh,1995,710.0
Barbados,1995,372.0
Belarus,1995,
Belgium,1995,162.0
Belize,1995,515.0
Benin,1995,682.0
Bhutan,1995,
Bolivia (Plurinational State of),1995,
Bosnia and Herzegovina,1995,
Botswana,1995,567.0
Brazil,1995,521.0
Brunei Darussalam,1995,
Bulgaria,1995,373.0
Burkina Faso,1995,
Burundi,1995,
Cambodia,1995,660.0
Cameroon,1995,699.0
Canada,1995,184.0
Central African Republic,1995,741.0
Chad,1995,
Chile,1995,478.0
China,1995,
Colombia,1995,542.0
Congo,1995,
Congo (Democratic Republic of the),1995,
Costa Rica,1995,461.0
Croatia,1995,279.0
Cuba,1995,428.0
Cyprus,1995,340.0
Czechia,1995,252.0
Côte d'Ivoire,1995,706.0
Denmark,1995,102.0
Dominican Republic,1995,570.0
Ecuador,1995,584.0
Egypt,1995,665.0
El Salvador,1995,527.0
Estonia,1995,387.0
Eswatini (Kingdom of),1995,642.0
Ethiopia,1995,
Fiji,1995,494.0
Finland,1995,101.0
France,1995,220.0
Gabon,1995,622.0
Gambia,1995,757.0
Georgia,1995,425.0
Germany,1995,156.0
Ghana,1995,628.0
Greece,1995,286.0
Guatemala,1995,585.0
Guyana,1995,
Haiti,1995,
Honduras,1995,
Hungary,1995,322.0
Iceland,1995,184.0
India,1995,687.0
Indonesia,1995,580.0
Iran (Islamic Republic of),1995,664.0
Iraq,1995,693.0
Ireland,1995,203.0
Israel,1995,244.0
Italy,1995,198.0
Jamaica,1995,479.0
Japan,1995,156.0
Jordan,1995,672.0
Kazakhstan,1995,447.0
Kenya,1995,706.0
Korea (Republic of),1995,277.0
Kuwait,1995,584.0
Kyrgyzstan,1995,512.0
Lao People's Democratic Republic,1995,
Latvia,1995,411.0
Lebanon,1995,
Lesotho,1995,576.0
Liberia,1995,
Libya,1995,
Lithuania,1995,326.0
Luxembourg,1995,200.0
Malawi,1995,718.0
Malaysia,1995,390.0
Maldives,1995,649.0
Mali,1995,728.0
Malta,1995,329.0
Mauritania,1995,808.0
Mauritius,1995,479.0
Mexico,1995,508.0
Moldova (Republic of),1995,479.0
Mongolia,1995,501.0
Montenegro,1995,
Morocco,1995,720.0
Mozambique,1995,
Myanmar,1995,
Namibia,1995,555.0
Nepal,1995,709.0
Netherlands,1995,114.0
New Zealand,1995,222.0
Nicaragua,1995,629.0
Niger,1995,801.0
Norway,1995,121.0
Oman,1995,
Pakistan,1995,766.0
Panama,1995,521.0
Papua New Guinea,1995,673.0
Paraguay,1995,572.0
Peru,1995,546.0
Philippines,1995,482.0
Poland,1995,258.0
Portugal,1995,244.0
Qatar,1995,
Romania,1995,472.0
Russian Federation,1995,466.0
Rwanda,1995,584.0
Saint Lucia,1995,
Samoa,1995,
Sao Tome and Principe,1995,
Saudi Arabia,1995,
Senegal,1995,644.0
Serbia,1995,
Sierra Leone,1995,
Singapore,1995,250.0
Slovakia,1995,248.0
Slovenia,1995,246.0
South Africa,1995,425.0
Spain,1995,157.0
Sri Lanka,1995,471.0
Sudan,1995,720.0
Suriname,1995,
Sweden,1995,90.0
Switzerland,1995,117.0
Syrian Arab Republic,1995,569.0
Tajikistan,1995,568.0
Tanzania (United Republic of),1995,652.0
Thailand,1995,400.0
The former Yugoslav Republic of Macedonia,1995,
Togo,1995,736.0
Tonga,1995,683.0
Trinidad and Tobago,1995,426.0
Tunisia,1995,530.0
Turkey,1995,631.0
Uganda,1995,659.0
Ukraine,1995,480.0
United Arab Emirates,1995,644.0
United Kingdom,1995,237.0
United States,1995,305.0
Uruguay,1995,438.0
Uzbekistan,1995,
Venezuela (Bolivarian Republic of),1995,539.0
Viet Nam,1995,382.0
Yemen,1995,
Zambia,1995,642.0
Zimbabwe,1995,598.0
,1995,
Afghanistan,2000,
Albania,2000,380.0
Algeria,2000,627.0
Argentina,2000,411.0
Armenia,2000,468.0
Australia,2000,160.0
Austria,2000,150.0
Azerbaijan,2000,
Bahamas,2000,388.0
Bahrain,2000,
Bangladesh,2000,680.0
Barbados,2000,356.0
Belarus,2000,
Belgium,2000,122.0
Belize,2000,481.0
Benin,2000,678.0
Bhutan,2000,
Bolivia (Plurinational State of),2000,591.0
Bosnia and Herzegovina,2000,
Botswana,2000,532.0
Brazil,2000,507.0
Brunei Darussalam,2000,
Bulgaria,2000,336.0
Burkina Faso,2000,
Burundi,2000,593.0
Cambodia,2000,598.0
Cameroon,2000,691.0
Canada,2000,
Central African Republic,2000,706.0
Chad,2000,
Chile,2000,435.0
China,2000,255.0
Colombia,2000,508.0
Congo,2000,620.0
Congo (Democratic Republic of the),2000,
Costa Rica,2000,423.0
Croatia,2000,206.0
Cuba,2000,394.0
Cyprus,2000,258.0
Czechia,2000,
Côte d'Ivoire,2000,
Denmark,2000,76.0
Dominican Republic,2000,484.0
Ecuador,2000,488.0
Egypt,2000,633.0
El Salvador,2000,521.0
Estonia,2000,282.0
Eswatini (Kingdom of),2000,656.0
Ethiopia,2000,
Fiji,2000,
Finland,2000,85.0
France,2000,192.0
Gabon,2000,611.0
Gambia,2000,748.0
Georgia,2000,422.0
Germany,2000,130.0
Ghana,2000,
Greece,2000,223.0
Guatemala,2000,596.0
Guyana,2000,544.0
Haiti,2000,
Honduras,2000,547.0
Hungary,2000,288.0
Iceland,2000,148.0
India,2000,
Indonesia,2000,563.0
Iran (Islamic Republic of),2000,601.0
Iraq,2000,642.0
Ireland,2000,201.0
Israel,2000,197.0
Italy,2000,178.0
Jamaica,2000,472.0
Japan,2000,135.0
Jordan,2000,631.0
Kazakhstan,2000,404.0
Kenya,2000,695.0
Korea (Republic of),2000,191.0
Kuwait,2000,583.0
Kyrgyzstan,2000,476.0
Lao People's Democratic Republic,2000,578.0
Latvia,2000,276.0
Lebanon,2000,
Lesotho,2000,594.0
Liberia,2000,690.0
Libya,2000,
Lithuania,2000,281.0
Luxembourg,2000,175.0
Malawi,2000,691.0
Malaysia,2000,336.0
Maldives,2000,541.0
Mali,2000,726.0
Malta,2000,322.0
Mauritania,2000,755.0
Mauritius,2000,452.0
Mexico,2000,492.0
Moldova (Republic of),2000,420.0
Mongolia,2000,452.0
Montenegro,2000,
Morocco,2000,704.0
Mozambique,2000,635.0
Myanmar,2000,
Namibia,2000,546.0
Nepal,2000,668.0
Netherlands,2000,96.0
New Zealand,2000,190.0
Nicaragua,2000,605.0
Niger,2000,797.0
Norway,2000,108.0
Oman,2000,
Pakistan,2000,
Panama,2000,507.0
Papua New Guinea,2000,666.0
Paraguay,2000,550.0
Peru,2000,
Philippines,2000,477.0
Poland,2000,205.0
Portugal,2000,209.0
Qatar,2000,
Romania,2000,
Russian Federation,2000,423.0
Rwanda,2000,555.0
Saint Lucia,2000,
Samoa,2000,471.0
Sao Tome and Principe,2000,
Saudi Arabia,2000,
Senegal,2000,640.0
Serbia,2000,
Sierra Leone,2000,696.0
Singapore,2000,274.0
Slovakia,2000,219.0
Slovenia,2000,
South Africa,2000,423.0
Spain,2000,119.0
Sri Lanka,2000,
Sudan,2000,
Suriname,2000,
Sweden,2000,61.0
Switzerland,2000,94.0
Syrian Arab Republic,2000,548.0
Tajikistan,2000,420.0
Tanzania (United Republic of),2000,
Thailand,2000,397.0
The former Yugoslav Republic of Macedonia,2000,
Togo,2000,663.0
Tonga,2000,677.0
Trinidad and Tobago,2000,
Tunisia,2000,428.0
Turkey,2000,591.0
Uganda,2000,650.0
Ukraine,2000,385.0
United Arab Emirates,2000,609.0
United Kingdom,2000,215.0
United States,2000,
Uruguay,2000,390.0
Uzbekistan,2000,
Venezuela (Bolivarian Republic of),2000,
Viet Nam,2000,347.0
Yemen,2000,818.0
Zambia,2000,647.0
Zimbabwe,2000,632.0
,2000,
Afghanistan,2005,742.0
Albania,2005,329.0
Algeria,2005,561.0
Argentina,2005,372.0
Armenia,2005,403.0
Australia,2005,139.0
Austria,2005,118.0
Azerbaijan,2005,319.0
Bahamas,2005,359.0
Bahrain,2005,325.0
Bangladesh,2005,634.0
Barbados,2005,345.0
Belarus,2005,
Belgium,2005,104.0
Belize,2005,464.0
Benin,2005,656.0
Bhutan,2005,
Bolivia (Plurinational State of),2005,558.0
Bosnia and Herzegovina,2005,
Botswana,2005,532.0
Brazil,2005,467.0
Brunei Darussalam,2005,
Bulgaria,2005,250.0
Burkina Faso,2005,645.0
Burundi,2005,526.0
Cambodia,2005,561.0
Cameroon,2005,659.0
Canada,2005,132.0
Central African Republic,2005,686.0
Chad,2005,
Chile,2005,389.0
China,2005,231.0
Colombia,2005,490.0
Congo,2005,624.0
Congo (Democratic Republic of the),2005,665.0
Costa Rica,2005,345.0
Croatia,2005,164.0
Cuba,2005,341.0
Cyprus,2005,140.0
Czechia,2005,153.0
Côte d'Ivoire,2005,690.0
Denmark,2005,64.0
Dominican Republic,2005,470.0
Ecuador,2005,452.0
Egypt,2005,580.0
El Salvador,2005,489.0
Estonia,2005,213.0
Eswatini (Kingdom of),2005,616.0
Ethiopia,2005,611.0
Fiji,2005,409.0
Finland,2005,88.0
France,2005,157.0
Gabon,2005,589.0
Gambia,2005,658.0
Georgia,2005,388.0
Germany,2005,117.0
Ghana,2005,574.0
Greece,2005,181.0
Guatemala,2005,572.0
Guyana,2005,534.0
Haiti,2005,579.0
Honduras,2005,519.0
Hungary,2005,260.0
Iceland,2005,125.0
India,2005,619.0
Indonesia,2005,534.0
Iran (Islamic Republic of),2005,512.0
Iraq,2005,
Ireland,2005,192.0
Israel,2005,173.0
Italy,2005,175.0
Jamaica,2005,471.0
Japan,2005,146.0
Jordan,2005,557.0
Kazakhstan,2005,360.0
Kenya,2005,654.0
Korea (Republic of),2005,107.0
Kuwait,2005,371.0
Kyrgyzstan,2005,677.0
Lao People's Democratic Republic,2005,543.0
Latvia,2005,217.0
Lebanon,2005,
Lesotho,2005,584.0
Liberia,2005,677.0
Libya,2005,270.0
Lithuania,2005,185.0
Luxembourg,2005,156.0
Malawi,2005,654.0
Malaysia,2005,324.0
Maldives,2005,421.0
Mali,2005,723.0
Malta,2005,305.0
Mauritania,2005,
Mauritius,2005,369.0
Mexico,2005,430.0
Moldova (Republic of),2005,295.0
Mongolia,2005,412.0
Montenegro,2005,
Morocco,2005,586.0
Mozambique,2005,625.0
Myanmar,2005,
Namibia,2005,526.0
Nepal,2005,652.0
Netherlands,2005,83.0
New Zealand,2005,188.0
Nicaragua,2005,542.0
Niger,2005,702.0
Norway,2005,85.0
Oman,2005,389.0
Pakistan,2005,595.0
Panama,2005,475.0
Papua New Guinea,2005,682.0
Paraguay,2005,536.0
Peru,2005,450.0
Philippines,2005,467.0
Poland,2005,164.0
Portugal,2005,183.0
Qatar,2005,
Romania,2005,356.0
Russian Federation,2005,359.0
Rwanda,2005,487.0
Saint Lucia,2005,
Samoa,2005,459.0
Sao Tome and Principe,2005,
Saudi Arabia,2005,671.0
Senegal,2005,628.0
Serbia,2005,
Sierra Leone,2005,670.0
Singapore,2005,168.0
Slovakia,2005,189.0
Slovenia,2005,139.0
South Africa,2005,426.0
Spain,2005,117.0
Sri Lanka,2005,439.0
Sudan,2005,666.0
Suriname,2005,489.0
Sweden,2005,52.0
Switzerland,2005,73.0
Syrian Arab Republic,2005,542.0
Tajikistan,2005,353.0
Tanzania (United Republic of),2005,593.0
Thailand,2005,348.0
The former Yugoslav Republic of Macedonia,2005,
Togo,2005,633.0
Tonga,2005,488.0
Trinidad and Tobago,2005,353.0
Tunisia,2005,338.0
Turkey,2005,564.0
Uganda,2005,598.0
Ukraine,2005,372.0
United Arab Emirates,2005,592.0
United Kingdom,2005,206.0
United States,2005,264.0
Uruguay,2005,374.0
Uzbekistan,2005,
Venezuela (Bolivarian Republic of),2005,475.0
Viet Nam,2005,317.0
Yemen,2005,813.0
Zambia,2005,613.0
Zimbabwe,2005,591.0
,2005,
Afghanistan,2010,728.0
Albania,2010,273.0
Algeria,2010,528.0
Argentina,2010,374.0
Armenia,2010,344.0
Australia,2010,133.0
Austria,2010,103.0
Azerbaijan,2010,310.0
Bahamas,2010,378.0
Bahrain,2010,234.0
Bangladesh,2010,586.0
Barbados,2010,320.0
Belarus,2010,148.0
Belgium,2010,78.0
Belize,2010,418.0
Benin,2010,620.0
Bhutan,2010,
Bolivia (Plurinational State of),2010,499.0
Bosnia and Herzegovina,2010,225.0
Botswana,2010,496.0
Brazil,2010,452.0
Brunei Darussalam,2010,
Bulgaria,2010,234.0
Burkina Faso,2010,615.0
Burundi,2010,498.0
Cambodia,2010,494.0
Cameroon,2010,621.0
Canada,2010,121.0
Central African Republic,2010,678.0
Chad,2010,
Chile,2010,358.0
China,2010,189.0
Colombia,2010,434.0
Congo,2010,615.0
Congo (Democratic Republic of the),2010,677.0
Costa Rica,2010,324.0
Croatia,2010,137.0
Cuba,2010,328.0
Cyprus,2010,126.0
Czechia,2010,135.0
Côte d'Ivoire,2010,681.0
Denmark,2010,50.0
Dominican Republic,2010,465.0
Ecuador,2010,418.0
Egypt,2010,
El Salvador,2010,440.0
Estonia,2010,158.0
Eswatini (Kingdom of),2010,570.0
Ethiopia,2010,572.0
Fiji,2010,
Finland,2010,71.0
France,2010,124.0
Gabon,2010,555.0
Gambia,2010,663.0
Georgia,2010,421.0
Germany,2010,92.0
Ghana,2010,572.0
Greece,2010,150.0
Guatemala,2010,534.0
Guyana,2010,524.0
Haiti,2010,
Honduras,2010,513.0
Hungary,2010,256.0
Iceland,2010,88.0
India,2010,581.0
Indonesia,2010,485.0
Iran (Islamic Republic of),2010,526.0
Iraq,2010,521.0
Ireland,2010,162.0
Israel,2010,143.0
Italy,2010,122.0
Jamaica,2010,453.0
Japan,2010,118.0
Jordan,2010,488.0
Kazakhstan,2010,273.0
Kenya,2010,611.0
Korea (Republic of),2010,95.0
Kuwait,2010,219.0
Kyrgyzstan,2010,379.0
Lao People's Democratic Republic,2010,506.0
Latvia,2010,201.0
Lebanon,2010,401.0
Lesotho,2010,568.0
Liberia,2010,659.0
Libya,2010,211.0
Lithuania,2010,159.0
Luxembourg,2010,121.0
Malawi,2010,621.0
Malaysia,2010,310.0
Maldives,2010,395.0
Mali,2010,678.0
Malta,2010,272.0
Mauritania,2010,656.0
Mauritius,2010,375.0
Mexico,2010,399.0
Moldova (Republic of),2010,283.0
Mongolia,2010,419.0
Montenegro,2010,205.0
Morocco,2010,566.0
Mozambique,2010,600.0
Myanmar,2010,515.0
Namibia,2010,512.0
Nepal,2010,526.0
Netherlands,2010,50.0
New Zealand,2010,177.0
Nicaragua,2010,518.0
Niger,2010,
Norway,2010,65.0
Oman,2010,311.0
Pakistan,2010,575.0
Panama,2010,519.0
Papua New Guinea,2010,665.0
Paraguay,2010,498.0
Peru,2010,400.0
Philippines,2010,451.0
Poland,2010,167.0
Portugal,2010,132.0
Qatar,2010,573.0
Romania,2010,358.0
Russian Federation,2010,311.0
Rwanda,2010,438.0
Saint Lucia,2010,
Samoa,2010,414.0
Sao Tome and Principe,2010,548.0
Saudi Arabia,2010,630.0
Senegal,2010,570.0
Serbia,2010,219.0
Sierra Leone,2010,661.0
Singapore,2010,89.0
Slovakia,2010,198.0
Slovenia,2010,125.0
South Africa,2010,417.0
Spain,2010,104.0
Sri Lanka,2010,401.0
Sudan,2010,617.0
Suriname,2010,508.0
Sweden,2010,48.0
Switzerland,2010,57.0
Syrian Arab Republic,2010,540.0
Tajikistan,2010,339.0
Tanzania (United Republic of),2010,
Thailand,2010,326.0
The former Yugoslav Republic of Macedonia,2010,
Togo,2010,606.0
Tonga,2010,678.0
Trinidad and Tobago,2010,349.0
Tunisia,2010,320.0
Turkey,2010,418.0
Uganda,2010,564.0
Ukraine,2010,334.0
United Arab Emirates,2010,230.0
United Kingdom,2010,172.0
United States,2010,242.0
Uruguay,2010,325.0
Uzbekistan,2010,
Venezuela (Bolivarian Republic of),2010,474.0
Viet Nam,2010,330.0
Yemen,2010,820.0
Zambia,2010,568.0
Zimbabwe,2010,580.0
,2010,
Afghanistan,2011,717.0
Albania,2011,276.0
Algeria,2011,519.0
Argentina,2011,368.0
Armenia,2011,339.0
Australia,2011,129.0
Austria,2011,99.0
Azerbaijan,2011,311.0
Bahamas,2011,377.0
Bahrain,2011,220.0
Bangladesh,2011,576.0
Barbados,2011,313.0
Belarus,2011,146.0
Belgium,2011,74.0
Belize,2011,408.0
Benin,2011,628.0
Bhutan,2011,
Bolivia (Plurinational State of),2011,495.0
Bosnia and Herzegovina,2011,202.0
Botswana,2011,488.0
Brazil,2011,447.0
Brunei Darussalam,2011,
Bulgaria,2011,232.0
Burkina Faso,2011,612.0
Burundi,2011,496.0
Cambodia,2011,489.0
Cameroon,2011,617.0
Canada,2011,113.0
Central African Republic,2011,664.0
Chad,2011,
Chile,2011,352.0
China,2011,183.0
Colombia,2011,419.0
Congo,2011,610.0
Congo (Democratic Republic of the),2011,
Costa Rica,2011,317.0
Croatia,2011,136.0
Cuba,2011,322.0
Cyprus,2011,133.0
Czechia,2011,133.0
Côte d'Ivoire,2011,670.0
Denmark,2011,47.0
Dominican Republic,2011,491.0
Ecuador,2011,421.0
Egypt,2011,
El Salvador,2011,440.0
Estonia,2011,163.0
Eswatini (Kingdom of),2011,566.0
Ethiopia,2011,566.0
Fiji,2011,
Finland,2011,67.0
France,2011,122.0
Gabon,2011,554.0
Gambia,2011,659.0
Georgia,2011,419.0
Germany,2011,88.0
Ghana,2011,569.0
Greece,2011,141.0
Guatemala,2011,525.0
Guyana,2011,518.0
Haiti,2011,595.0
Honduras,2011,510.0
Hungary,2011,263.0
Iceland,2011,87.0
India,2011,574.0
Indonesia,2011,480.0
Iran (Islamic Republic of),2011,530.0
Iraq,2011,519.0
Ireland,2011,147.0
Israel,2011,137.0
Italy,2011,119.0
Jamaica,2011,442.0
Japan,2011,117.0
Jordan,2011,490.0
Kazakhstan,2011,260.0
Kenya,2011,607.0
Korea (Republic of),2011,90.0
Kuwait,2011,215.0
Kyrgyzstan,2011,383.0
Lao People's Democratic Republic,2011,499.0
Latvia,2011,199.0
Lebanon,2011,397.0
Lesotho,2011,562.0
Liberia,2011,668.0
Libya,2011,
Lithuania,2011,163.0
Luxembourg,2011,103.0
Malawi,2011,614.0
Malaysia,2011,310.0
Maldives,2011,385.0
Mali,2011,679.0
Malta,2011,268.0
Mauritania,2011,652.0
Mauritius,2011,363.0
Mexico,2011,390.0
Moldova (Republic of),2011,255.0
Mongolia,2011,414.0
Montenegro,2011,193.0
Morocco,2011,534.0
Mozambique,2011,591.0
Myanmar,2011,532.0
Namibia,2011,510.0
Nepal,2011,516.0
Netherlands,2011,47.0
New Zealand,2011,170.0
Nicaragua,2011,477.0
Niger,2011,682.0
Norway,2011,62.0
Oman,2011,300.0
Pakistan,2011,574.0
Panama,2011,522.0
Papua New Guinea,2011,661.0
Paraguay,2011,494.0
Peru,2011,407.0
Philippines,2011,448.0
Poland,2011,152.0
Portugal,2011,121.0
Qatar,2011,549.0
Romania,2011,355.0
Russian Federation,2011,305.0
Rwanda,2011,429.0
Saint Lucia,2011,
Samoa,2011,451.0
Sao Tome and Principe,2011,547.0
Saudi Arabia,2011,620.0
Senegal,2011,563.0
Serbia,2011,217.0
Sierra Leone,2011,658.0
Singapore,2011,93.0
Slovakia,2011,196.0
Slovenia,2011,75.0
South Africa,2011,414.0
Spain,2011,99.0
Sri Lanka,2011,388.0
Sudan,2011,611.0
Suriname,2011,491.0
Sweden,2011,47.0
Switzerland,2011,56.0
Syrian Arab Republic,2011,543.0
Tajikistan,2011,338.0
Tanzania (United Republic of),2011,557.0
Thailand,2011,315.0
The former Yugoslav Republic of Macedonia,2011,
Togo,2011,605.0
Tonga,2011,481.0
Trinidad and Tobago,2011,346.0
Tunisia,2011,311.0
Turkey,2011,374.0
Uganda,2011,552.0
Ukraine,2011,330.0
United Arab Emirates,2011,245.0
United Kingdom,2011,164.0
United States,2011,237.0
Uruguay,2011,324.0
Uzbekistan,2011,
Venezuela (Bolivarian Republic of),2011,473.0
Viet Nam,2011,330.0
Yemen,2011,821.0
Zambia,2011,572.0
Zimbabwe,2011,574.0
,2011,
Afghanistan,2012,706.0
Albania,2012,275.0
Algeria,2012,436.0
Argentina,2012,366.0
Armenia,2012,319.0
Australia,2012,127.0
Austria,2012,95.0
Azerbaijan,2012,310.0
Bahamas,2012,374.0
Bahrain,2012,219.0
Bangladesh,2012,569.0
Barbados,2012,307.0
Belarus,2012,150.0
Belgium,2012,70.0
Belize,2012,392.0
Benin,2012,623.0
Bhutan,2012,478.0
Bolivia (Plurinational State of),2012,492.0
Bosnia and Herzegovina,2012,194.0
Botswana,2012,481.0
Brazil,2012,446.0
Brunei Darussalam,2012,
Bulgaria,2012,218.0
Burkina Faso,2012,606.0
Burundi,2012,491.0
Cambodia,2012,484.0
Cameroon,2012,613.0
Canada,2012,110.0
Central African Republic,2012,662.0
Chad,2012,
Chile,2012,346.0
China,2012,177.0
Colombia,2012,413.0
Congo,2012,608.0
Congo (Democratic Republic of the),2012,671.0
Costa Rica,2012,312.0
Croatia,2012,131.0
Cuba,2012,318.0
Cyprus,2012,132.0
Czechia,2012,132.0
Côte d'Ivoire,2012,670.0
Denmark,2012,45.0
Dominican Republic,2012,445.0
Ecuador,2012,415.0
Egypt,2012,577.0
El Salvador,2012,417.0
Estonia,2012,157.0
Eswatini (Kingdom of),2012,561.0
Ethiopia,2012,561.0
Fiji,2012,
Finland,2012,65.0
France,2012,108.0
Gabon,2012,549.0
Gambia,2012,655.0
Georgia,2012,381.0
Germany,2012,85.0
Ghana,2012,
Greece,2012,129.0
Guatemala,2012,517.0
Guyana,2012,516.0
Haiti,2012,600.0
Honduras,2012,507.0
Hungary,2012,262.0
Iceland,2012,82.0
India,2012,567.0
Indonesia,2012,475.0
Iran (Islamic Republic of),2012,524.0
Iraq,2012,515.0
Ireland,2012,144.0
Israel,2012,133.0
Italy,2012,116.0
Jamaica,2012,439.0
Japan,2012,126.0
Jordan,2012,488.0
Kazakhstan,2012,232.0
Kenya,2012,604.0
Korea (Republic of),2012,81.0
Kuwait,2012,228.0
Kyrgyzstan,2012,380.0
Lao People's Democratic Republic,2012,491.0
Latvia,2012,186.0
Lebanon,2012,394.0
Lesotho,2012,554.0
Liberia,2012,661.0
Libya,2012,163.0
Lithuania,2012,137.0
Luxembourg,2012,106.0
Malawi,2012,613.0
Malaysia,2012,303.0
Maldives,2012,374.0
Mali,2012,677.0
Malta,2012,260.0
Mauritania,2012,647.0
Mauritius,2012,364.0
Mexico,2012,367.0
Moldova (Republic of),2012,255.0
Mongolia,2012,323.0
Montenegro,2012,168.0
Morocco,2012,530.0
Mozambique,2012,582.0
Myanmar,2012,506.0
Namibia,2012,505.0
Nepal,2012,507.0
Netherlands,2012,47.0
New Zealand,2012,167.0
Nicaragua,2012,479.0
Niger,2012,678.0
Norway,2012,60.0
Oman,2012,293.0
Pakistan,2012,560.0
Panama,2012,518.0
Papua New Guinea,2012,604.0
Paraguay,2012,484.0
Peru,2012,396.0
Philippines,2012,448.0
Poland,2012,150.0
Portugal,2012,122.0
Qatar,2012,547.0
Romania,2012,343.0
Russian Federation,2012,294.0
Rwanda,2012,420.0
Saint Lucia,2012,
Samoa,2012,446.0
Sao Tome and Principe,2012,546.0
Saudi Arabia,2012,616.0
Senegal,2012,535.0
Serbia,2012,190.0
Sierra Leone,2012,657.0
Singapore,2012,85.0
Slovakia,2012,187.0
Slovenia,2012,70.0
South Africa,2012,412.0
Spain,2012,95.0
Sri Lanka,2012,387.0
Sudan,2012,604.0
Suriname,2012,489.0
Sweden,2012,46.0
Switzerland,2012,53.0
Syrian Arab Republic,2012,548.0
Tajikistan,2012,335.0
Tanzania (United Republic of),2012,554.0
Thailand,2012,318.0
The former Yugoslav Republic of Macedonia,2012,
Togo,2012,602.0
Tonga,2012,480.0
Trinidad and Tobago,2012,344.0
Tunisia,2012,307.0
Turkey,2012,360.0
Uganda,2012,546.0
Ukraine,2012,318.0
United Arab Emirates,2012,245.0
United Kingdom,2012,160.0
United States,2012,227.0
Uruguay,2012,318.0
Uzbekistan,2012,
Venezuela (Bolivarian Republic of),2012,472.0
Viet Nam,2012,328.0
Yemen,2012,824.0
Zambia,2012,567.0
Zimbabwe,2012,568.0
,2012,
Afghanistan,2013,694.0
Albania,2013,267.0
Algeria,2013,432.0
Argentina,2013,365.0
Armenia,2013,312.0
Australia,2013,122.0
Austria,2013,86.0
Azerbaijan,2013,314.0
Bahamas,2013,371.0
Bahrain,2013,213.0
Bangladesh,2013,561.0
Barbados,2013,295.0
Belarus,2013,148.0
Belgium,2013,65.0
Belize,2013,384.0
Benin,2013,618.0
Bhutan,2013,520.0
Bolivia (Plurinational State of),2013,487.0
Bosnia and Herzegovina,2013,187.0
Botswana,2013,469.0
Brazil,2013,429.0
Brunei Darussalam,2013,
Bulgaria,2013,220.0
Burkina Faso,2013,603.0
Burundi,2013,487.0
Cambodia,2013,481.0
Cameroon,2013,579.0
Canada,2013,107.0
Central African Republic,2013,
Chad,2013,
Chile,2013,330.0
China,2013,165.0
Colombia,2013,413.0
Congo,2013,605.0
Congo (Democratic Republic of the),2013,642.0
Costa Rica,2013,306.0
Croatia,2013,126.0
Cuba,2013,312.0
Cyprus,2013,130.0
Czechia,2013,137.0
Côte d'Ivoire,2013,666.0
Denmark,2013,42.0
Dominican Republic,2013,481.0
Ecuador,2013,401.0
Egypt,2013,
El Salvador,2013,410.0
Estonia,2013,153.0
Eswatini (Kingdom of),2013,580.0
Ethiopia,2013,549.0
Fiji,2013,
Finland,2013,63.0
France,2013,107.0
Gabon,2013,547.0
Gambia,2013,651.0
Georgia,2013,378.0
Germany,2013,78.0
Ghana,2013,552.0
Greece,2013,126.0
Guatemala,2013,516.0
Guyana,2013,513.0
Haiti,2013,598.0
Honduras,2013,
Hungary,2013,263.0
Iceland,2013,78.0
India,2013,558.0
Indonesia,2013,471.0
Iran (Islamic Republic of),2013,525.0
Iraq,2013,511.0
Ireland,2013,137.0
Israel,2013,124.0
Italy,2013,91.0
Jamaica,2013,436.0
Japan,2013,127.0
Jordan,2013,487.0
Kazakhstan,2013,221.0
Kenya,2013,566.0
Korea (Republic of),2013,76.0
Kuwait,2013,226.0
Kyrgyzstan,2013,383.0
Lao People's Democratic Republic,2013,484.0
Latvia,2013,183.0
Lebanon,2013,390.0
Lesotho,2013,552.0
Liberia,2013,658.0
Libya,2013,167.0
Lithuania,2013,135.0
Luxembourg,2013,82.0
Malawi,2013,612.0
Malaysia,2013,292.0
Maldives,2013,363.0
Mali,2013,
Malta,2013,214.0
Mauritania,2013,
Mauritius,2013,359.0
Mexico,2013,363.0
Moldova (Republic of),2013,248.0
Mongolia,2013,319.0
Montenegro,2013,169.0
Morocco,2013,525.0
Mozambique,2013,573.0
Myanmar,2013,504.0
Namibia,2013,500.0
Nepal,2013,
Netherlands,2013,46.0
New Zealand,2013,163.0
Nicaragua,2013,475.0
Niger,2013,673.0
Norway,2013,57.0
Oman,2013,286.0
Pakistan,2013,559.0
Panama,2013,513.0
Papua New Guinea,2013,601.0
Paraguay,2013,464.0
Peru,2013,391.0
Philippines,2013,435.0
Poland,2013,149.0
Portugal,2013,108.0
Qatar,2013,546.0
Romania,2013,344.0
Russian Federation,2013,289.0
Rwanda,2013,406.0
Saint Lucia,2013,353.0
Samoa,2013,440.0
Sao Tome and Principe,2013,545.0
Saudi Arabia,2013,263.0
Senegal,2013,529.0
Serbia,2013,192.0
Sierra Leone,2013,654.0
Singapore,2013,77.0
Slovakia,2013,186.0
Slovenia,2013,70.0
South Africa,2013,405.0
Spain,2013,92.0
Sri Lanka,2013,376.0
Sudan,2013,598.0
Suriname,2013,490.0
Sweden,2013,45.0
Switzerland,2013,48.0
Syrian Arab Republic,2013,552.0
Tajikistan,2013,334.0
Tanzania (United Republic of),2013,550.0
Thailand,2013,317.0
The former Yugoslav Republic of Macedonia,2013,
Togo,2013,582.0
Tonga,2013,476.0
Trinidad and Tobago,2013,342.0
Tunisia,2013,308.0
Turkey,2013,348.0
Uganda,2013,539.0
Ukraine,2013,312.0
United Arab Emirates,2013,244.0
United Kingdom,2013,154.0
United States,2013,222.0
Uruguay,2013,319.0
Uzbekistan,2013,270.0
Venezuela (Bolivarian Republic of),2013,471.0
Viet Nam,2013,326.0
Yemen,2013,827.0
Zambia,2013,562.0
Zimbabwe,2013,531.0
,2013,
Afghanistan,2014,682.0
Albania,2014,261.0
Algeria,2014,437.0
Argentina,2014,365.0
Armenia,2014,306.0
Australia,2014,121.0
Austria,2014,84.0
Azerbaijan,2014,320.0
Bahamas,2014,370.0
Bahrain,2014,216.0
Bangladesh,2014,553.0
Barbados,2014,292.0
Belarus,2014,146.0
Belgium,2014,57.0
Belize,2014,381.0
Benin,2014,614.0
Bhutan,2014,502.0
Bolivia (Plurinational State of),2014,452.0
Bosnia and Herzegovina,2014,
Botswana,2014,452.0
Brazil,2014,420.0
Brunei Darussalam,2014,
Bulgaria,2014,232.0
Burkina Faso,2014,
Burundi,2014,482.0
Cambodia,2014,477.0
Cameroon,2014,576.0
Canada,2014,104.0
Central African Republic,2014,
Chad,2014,
Chile,2014,327.0
China,2014,161.0
Colombia,2014,393.0
Congo,2014,593.0
Congo (Democratic Republic of the),2014,652.0
Costa Rica,2014,308.0
Croatia,2014,120.0
Cuba,2014,309.0
Cyprus,2014,114.0
Czechia,2014,137.0
Côte d'Ivoire,2014,668.0
Denmark,2014,42.0
Dominican Republic,2014,475.0
Ecuador,2014,395.0
Egypt,2014,
El Salvador,2014,405.0
Estonia,2014,156.0
Eswatini (Kingdom of),2014,576.0
Ethiopia,2014,537.0
Fiji,2014,363.0
Finland,2014,61.0
France,2014,104.0
Gabon,2014,545.0
Gambia,2014,637.0
Georgia,2014,374.0
Germany,2014,75.0
Ghana,2014,551.0
Greece,2014,122.0
Guatemala,2014,498.0
Guyana,2014,510.0
Haiti,2014,595.0
Honduras,2014,474.0
Hungary,2014,255.0
Iceland,2014,74.0
India,2014,544.0
Indonesia,2014,471.0
Iran (Islamic Republic of),2014,526.0
Iraq,2014,510.0
Ireland,2014,135.0
Israel,2014,120.0
Italy,2014,89.0
Jamaica,2014,428.0
Japan,2014,125.0
Jordan,2014,485.0
Kazakhstan,2014,210.0
Kenya,2014,562.0
Korea (Republic of),2014,71.0
Kuwait,2014,325.0
Kyrgyzstan,2014,380.0
Lao People's Democratic Republic,2014,476.0
Latvia,2014,197.0
Lebanon,2014,390.0
Lesotho,2014,548.0
Liberia,2014,655.0
Libya,2014,173.0
Lithuania,2014,131.0
Luxembourg,2014,78.0
Malawi,2014,624.0
Malaysia,2014,284.0
Maldives,2014,363.0
Mali,2014,676.0
Malta,2014,209.0
Mauritania,2014,631.0
Mauritius,2014,353.0
Mexico,2014,358.0
Moldova (Republic of),2014,253.0
Mongolia,2014,316.0
Montenegro,2014,160.0
Morocco,2014,520.0
Mozambique,2014,
Myanmar,2014,506.0
Namibia,2014,
Nepal,2014,496.0
Netherlands,2014,46.0
New Zealand,2014,158.0
Nicaragua,2014,468.0
Niger,2014,668.0
Norway,2014,54.0
Oman,2014,281.0
Pakistan,2014,553.0
Panama,2014,466.0
Papua New Guinea,2014,597.0
Paraguay,2014,468.0
Peru,2014,387.0
Philippines,2014,432.0
Poland,2014,146.0
Portugal,2014,105.0
Qatar,2014,539.0
Romania,2014,343.0
Russian Federation,2014,287.0
Rwanda,2014,398.0
Saint Lucia,2014,351.0
Samoa,2014,408.0
Sao Tome and Principe,2014,543.0
Saudi Arabia,2014,257.0
Senegal,2014,523.0
Serbia,2014,189.0
Sierra Leone,2014,652.0
Singapore,2014,67.0
Slovakia,2014,187.0
Slovenia,2014,63.0
South Africa,2014,400.0
Spain,2014,87.0
Sri Lanka,2014,371.0
Sudan,2014,593.0
Suriname,2014,487.0
Sweden,2014,45.0
Switzerland,2014,46.0
Syrian Arab Republic,2014,554.0
Tajikistan,2014,339.0
Tanzania (United Republic of),2014,547.0
Thailand,2014,381.0
The former Yugoslav Republic of Macedonia,2014,
Togo,2014,572.0
Tonga,2014,671.0
Trinidad and Tobago,2014,342.0
Tunisia,2014,297.0
Turkey,2014,340.0
Uganda,2014,533.0
Ukraine,2014,297.0
United Arab Emirates,2014,245.0
United Kingdom,2014,148.0
United States,2014,212.0
Uruguay,2014,316.0
Uzbekistan,2014,269.0
Venezuela (Bolivarian Republic of),2014,469.0
Viet Nam,2014,323.0
Yemen,2014,830.0
Zambia,2014,561.0
Zimbabwe,2014,534.0
,2014,
Afghanistan,2015,672.0
Albania,2015,256.0
Algeria,2015,437.0
Argentina,2015,
Armenia,2015,302.0
Australia,2015,118.0
Austria,2015,83.0
Azerbaijan,2015,313.0
Bahamas,2015,364.0
Bahrain,2015,225.0
Bangladesh,2015,547.0
Barbados,2015,294.0
Belarus,2015,145.0
Belgium,2015,52.0
Belize,2015,380.0
Benin,2015,619.0
Bhutan,2015,489.0
Bolivia (Plurinational State of),2015,454.0
Bosnia and Herzegovina,2015,172.0
Botswana,2015,445.0
Brazil,2015,413.0
Brunei Darussalam,2015,
Bulgaria,2015,230.0
Burkina Faso,2015,621.0
Burundi,2015,474.0
Cambodia,2015,473.0
Cameroon,2015,573.0
Canada,2015,102.0
Central African Republic,2015,
Chad,2015,704.0
Chile,2015,325.0
China,2015,157.0
Colombia,2015,389.0
Congo,2015,591.0
Congo (Democratic Republic of the),2015,655.0
Costa Rica,2015,303.0
Croatia,2015,143.0
Cuba,2015,307.0
Cyprus,2015,111.0
Czechia,2015,133.0
Côte d'Ivoire,2015,666.0
Denmark,2015,42.0
Dominican Republic,2015,468.0
Ecuador,2015,387.0
Egypt,2015,
El Salvador,2015,395.0
Estonia,2015,137.0
Eswatini (Kingdom of),2015,573.0
Ethiopia,2015,509.0
Fiji,2015,352.0
Finland,2015,61.0
France,2015,104.0
Gabon,2015,542.0
Gambia,2015,634.0
Georgia,2015,373.0
Germany,2015,71.0
Ghana,2015,550.0
Greece,2015,121.0
Guatemala,2015,496.0
Guyana,2015,509.0
Haiti,2015,593.0
Honduras,2015,465.0
Hungary,2015,260.0
Iceland,2015,67.0
India,2015,534.0
Indonesia,2015,468.0
Iran (Islamic Republic of),2015,512.0
Iraq,2015,508.0
Ireland,2015,131.0
Israel,2015,107.0
Italy,2015,90.0
Jamaica,2015,425.0
Japan,2015,118.0
Jordan,2015,485.0
Kazakhstan,2015,208.0
Kenya,2015,558.0
Korea (Republic of),2015,67.0
Kuwait,2015,326.0
Kyrgyzstan,2015,393.0
Lao People's Democratic Republic,2015,470.0
Latvia,2015,195.0
Lebanon,2015,386.0
Lesotho,2015,548.0
Liberia,2015,656.0
Libya,2015,173.0
Lithuania,2015,128.0
Luxembourg,2015,71.0
Malawi,2015,623.0
Malaysia,2015,287.0
Maldives,2015,359.0
Mali,2015,679.0
Malta,2015,214.0
Mauritania,2015,627.0
Mauritius,2015,376.0
Mexico,2015,348.0
Moldova (Republic of),2015,234.0
Mongolia,2015,316.0
Montenegro,2015,156.0
Morocco,2015,497.0
Mozambique,2015,560.0
Myanmar,2015,442.0
Namibia,2015,473.0
Nepal,2015,488.0
Netherlands,2015,45.0
New Zealand,2015,152.0
Nicaragua,2015,465.0
Niger,2015,666.0
Norway,2015,52.0
Oman,2015,280.0
Pakistan,2015,547.0
Panama,2015,465.0
Papua New Guinea,2015,595.0
Paraguay,2015,466.0
Peru,2015,385.0
Philippines,2015,431.0
Poland,2015,138.0
Portugal,2015,95.0
Qatar,2015,536.0
Romania,2015,342.0
Russian Federation,2015,272.0
Rwanda,2015,389.0
Saint Lucia,2015,337.0
Samoa,2015,403.0
Sao Tome and Principe,2015,540.0
Saudi Arabia,2015,245.0
Senegal,2015,520.0
Serbia,2015,188.0
Sierra Leone,2015,650.0
Singapore,2015,67.0
Slovakia,2015,185.0
Slovenia,2015,61.0
South Africa,2015,396.0
Spain,2015,83.0
Sri Lanka,2015,376.0
Sudan,2015,573.0
Suriname,2015,443.0
Sweden,2015,44.0
Switzerland,2015,44.0
Syrian Arab Republic,2015,555.0
Tajikistan,2015,338.0
Tanzania (United Republic of),2015,542.0
Thailand,2015,378.0
The former Yugoslav Republic of Macedonia,2015,158.0
Togo,2015,572.0
Tonga,2015,669.0
Trinidad and Tobago,2015,329.0
Tunisia,2015,298.0
Turkey,2015,326.0
Uganda,2015,528.0
Ukraine,2015,292.0
United Arab Emirates,2015,230.0
United Kingdom,2015,133.0
United States,2015,206.0
Uruguay,2015,283.0
Uzbekistan,2015,276.0
Venezuela (Bolivarian Republic of),2015,467.0
Viet Nam,2015,323.0
Yemen,2015,839.0
Zambia,2015,546.0
Zimbabwe,2015,540.0
,2015,
Afghanistan,2016,660.0
Albania,2016,250.0
Algeria,2016,432.0
Argentina,2016,361.0
Armenia,2016,296.0
Australia,2016,111.0
Austria,2016,77.0
Azerbaijan,2016,318.0
Bahamas,2016,356.0
Bahrain,2016,223.0
Bangladesh,2016,544.0
Barbados,2016,284.0
Belarus,2016,129.0
Belgium,2016,47.0
Belize,2016,375.0
Benin,2016,614.0
Bhutan,2016,476.0
Bolivia (Plurinational State of),2016,451.0
Bosnia and Herzegovina,2016,166.0
Botswana,2016,435.0
Brazil,2016,410.0
Brunei Darussalam,2016,260.0
Bulgaria,2016,227.0
Burkina Faso,2016,618.0
Burundi,2016,471.0
Cambodia,2016,473.0
Cameroon,2016,568.0
Canada,2016,93.0
Central African Republic,2016,681.0
Chad,2016,702.0
Chile,2016,320.0
China,2016,154.0
Colombia,2016,381.0
Congo,2016,587.0
Congo (Democratic Republic of the),2016,652.0
Costa Rica,2016,303.0
Croatia,2016,149.0
Cuba,2016,301.0
Cyprus,2016,85.0
Czechia,2016,129.0
Côte d'Ivoire,2016,
Denmark,2016,40.0
Dominican Republic,2016,452.0
Ecuador,2016,379.0
Egypt,2016,450.0
El Salvador,2016,393.0
Estonia,2016,128.0
Eswatini (Kingdom of),2016,570.0
Ethiopia,2016,502.0
Fiji,2016,353.0
Finland,2016,58.0
France,2016,100.0
Gabon,2016,537.0
Gambia,2016,628.0
Georgia,2016,350.0
Germany,2016,65.0
Ghana,2016,547.0
Greece,2016,115.0
Guatemala,2016,488.0
Guyana,2016,506.0
Haiti,2016,750.0
Honduras,2016,461.0
Hungary,2016,259.0
Iceland,2016,54.0
India,2016,524.0
Indonesia,2016,462.0
Iran (Islamic Republic of),2016,459.0
Iraq,2016,505.0
Ireland,2016,111.0
Israel,2016,99.0
Italy,2016,87.0
Jamaica,2016,412.0
Japan,2016,106.0
Jordan,2016,461.0
Kazakhstan,2016,200.0
Kenya,2016,556.0
Korea (Republic of),2016,63.0
Kuwait,2016,301.0
Kyrgyzstan,2016,392.0
Lao People's Democratic Republic,2016,462.0
Latvia,2016,188.0
Lebanon,2016,382.0
Lesotho,2016,540.0
Liberia,2016,654.0
Libya,2016,171.0
Lithuania,2016,123.0
Luxembourg,2016,66.0
Malawi,2016,621.0
Malaysia,2016,288.0
Maldives,2016,344.0
Mali,2016,678.0
Malta,2016,211.0
Mauritania,2016,624.0
Mauritius,2016,374.0
Mexico,2016,344.0
Moldova (Republic of),2016,228.0
Mongolia,2016,301.0
Montenegro,2016,133.0
Morocco,2016,483.0
Mozambique,2016,552.0
Myanmar,2016,455.0
Namibia,2016,472.0
Nepal,2016,481.0
Netherlands,2016,43.0
New Zealand,2016,146.0
Nicaragua,2016,456.0
Niger,2016,658.0
Norway,2016,50.0
Oman,2016,264.0
Pakistan,2016,543.0
Panama,2016,461.0
Papua New Guinea,2016,591.0
Paraguay,2016,465.0
Peru,2016,368.0
Philippines,2016,428.0
Poland,2016,134.0
Portugal,2016,88.0
Qatar,2016,533.0
Romania,2016,339.0
Russian Federation,2016,267.0
Rwanda,2016,381.0
Saint Lucia,2016,334.0
Samoa,2016,365.0
Sao Tome and Principe,2016,538.0
Saudi Arabia,2016,234.0
Senegal,2016,515.0
Serbia,2016,182.0
Sierra Leone,2016,645.0
Singapore,2016,65.0
Slovakia,2016,180.0
Slovenia,2016,56.0
South Africa,2016,389.0
Spain,2016,80.0
Sri Lanka,2016,354.0
Sudan,2016,564.0
Suriname,2016,442.0
Sweden,2016,44.0
Switzerland,2016,40.0
Syrian Arab Republic,2016,546.0
Tajikistan,2016,317.0
Tanzania (United Republic of),2016,538.0
Thailand,2016,378.0
The former Yugoslav Republic of Macedonia,2016,157.0
Togo,2016,569.0
Tonga,2016,666.0
Trinidad and Tobago,2016,322.0
Tunisia,2016,300.0
Turkey,2016,316.0
Uganda,2016,525.0
Ukraine,2016,286.0
United Arab Emirates,2016,232.0
United Kingdom,2016,119.0
United States,2016,189.0
Uruguay,2016,279.0
Uzbekistan,2016,274.0
Venezuela (Bolivarian Republic of),2016,478.0
Viet Nam,2016,305.0
Yemen,2016,833.0
Zambia,2016,519.0
Zimbabwe,2016,537.0
,2016,
Afghanistan,2017,653.0
Albania,2017,238.0
Algeria,2017,442.0
Argentina,2017,358.0
Armenia,2017,262.0
Australia,2017,109.0
Austria,2017,71.0
Azerbaijan,2017,318.0
Bahamas,2017,340.0
Bahrain,2017,222.0
Bangladesh,2017,542.0
Barbados,2017,284.0
Belarus,2017,130.0
Belgium,2017,48.0
Belize,2017,386.0
Benin,2017,611.0
Bhutan,2017,476.0
Bolivia (Plurinational State of),2017,450.0
Bosnia and Herzegovina,2017,166.0
Botswana,2017,434.0
Brazil,2017,407.0
Brunei Darussalam,2017,236.0
Bulgaria,2017,217.0
Burkina Faso,2017,610.0
Burundi,2017,471.0
Cambodia,2017,473.0
Cameroon,2017,569.0
Canada,2017,92.0
Central African Republic,2017,673.0
Chad,2017,708.0
Chile,2017,
China,2017,152.0
Colombia,2017,383.0
Congo,2017,578.0
Congo (Democratic Republic of the),2017,652.0
Costa Rica,2017,300.0
Croatia,2017,124.0
Cuba,2017,301.0
Cyprus,2017,85.0
Czechia,2017,124.0
Côte d'Ivoire,2017,
Denmark,2017,40.0
Dominican Republic,2017,451.0
Ecuador,2017,385.0
Egypt,2017,449.0
El Salvador,2017,392.0
Estonia,2017,122.0
Eswatini (Kingdom of),2017,569.0
Ethiopia,2017,502.0
Fiji,2017,352.0
Finland,2017,58.0
France,2017,83.0
Gabon,2017,534.0
Gambia,2017,623.0
Georgia,2017,350.0
Germany,2017,72.0
Ghana,2017,538.0
Greece,2017,120.0
Guatemala,2017,493.0
Guyana,2017,504.0
Haiti,2017,601.0
Honduras,2017,
Hungary,2017,259.0
Iceland,2017,62.0
India,2017,524.0
Indonesia,2017,453.0
Iran (Islamic Republic of),2017,461.0
Iraq,2017,506.0
Ireland,2017,109.0
Israel,2017,98.0
Italy,2017,87.0
Jamaica,2017,412.0
Japan,2017,103.0
Jordan,2017,460.0
Kazakhstan,2017,197.0
Kenya,2017,549.0
Korea (Republic of),2017,63.0
Kuwait,2017,270.0
Kyrgyzstan,2017,392.0
Lao People's Democratic Republic,2017,461.0
Latvia,2017,196.0
Lebanon,2017,381.0
Lesotho,2017,544.0
Liberia,2017,656.0
Libya,2017,170.0
Lithuania,2017,123.0
Luxembourg,2017,66.0
Malawi,2017,619.0
Malaysia,2017,287.0
Maldives,2017,343.0
Mali,2017,678.0
Malta,2017,216.0
Mauritania,2017,617.0
Mauritius,2017,373.0
Mexico,2017,343.0
Moldova (Republic of),2017,226.0
Mongolia,2017,301.0
Montenegro,2017,132.0
Morocco,2017,482.0
Mozambique,2017,552.0
Myanmar,2017,456.0
Namibia,2017,472.0
Nepal,2017,480.0
Netherlands,2017,44.0
New Zealand,2017,136.0
Nicaragua,2017,456.0
Niger,2017,649.0
Norway,2017,48.0
Oman,2017,264.0
Pakistan,2017,541.0
Panama,2017,461.0
Papua New Guinea,2017,741.0
Paraguay,2017,467.0
Peru,2017,368.0
Philippines,2017,427.0
Poland,2017,132.0
Portugal,2017,88.0
Qatar,2017,206.0
Romania,2017,311.0
Russian Federation,2017,257.0
Rwanda,2017,381.0
Saint Lucia,2017,333.0
Samoa,2017,365.0
Sao Tome and Principe,2017,538.0
Saudi Arabia,2017,234.0
Senegal,2017,515.0
Serbia,2017,181.0
Sierra Leone,2017,645.0
Singapore,2017,67.0
Slovakia,2017,180.0
Slovenia,2017,54.0
South Africa,2017,389.0
Spain,2017,80.0
Sri Lanka,2017,354.0
Sudan,2017,564.0
Suriname,2017,441.0
Sweden,2017,44.0
Switzerland,2017,39.0
Syrian Arab Republic,2017,547.0
Tajikistan,2017,317.0
Tanzania (United Republic of),2017,537.0
Thailand,2017,393.0
The former Yugoslav Republic of Macedonia,2017,149.0
Togo,2017,567.0
Tonga,2017,416.0
Trinidad and Tobago,2017,324.0
Tunisia,2017,298.0
Turkey,2017,317.0
Uganda,2017,523.0
Ukraine,2017,285.0
United Arab Emirates,2017,232.0
United Kingdom,2017,116.0
United States,2017,189.0
Uruguay,2017,270.0
Uzbekistan,2017,274.0
Venezuela (Bolivarian Republic of),2017,454.0
Viet Nam,2017,304.0
Yemen,2017,835.0
Zambia,2017,517.0
Zimbabwe,2017,534.0
,2017,
